city,population_2020,sumlev,state,county,place,cousub,concit,primgeo_flag,funcstat,stname,estimatesbase2020,popestimate2021,popestimate2022,popestimate2023,size_category,population_rank,region
Ackley,1595,162,19,000,00190,00000,00000,0,A,Iowa,1599,1579,1558,1538,Village,192,Other
Ackworth,117,162,19,000,00235,00000,00000,0,A,Iowa,117,119,118,117,Village,627,Other
Adair,793,162,19,000,00370,00000,00000,0,A,Iowa,794,795,790,781,Village,319,Other
Adel,6176,162,19,000,00505,00000,00000,0,A,Iowa,6156,6283,6470,6474,Small Town,63,Other
Afton,870,162,19,000,00595,00000,00000,0,A,Iowa,870,867,861,863,Village,302,Other
Agency,615,162,19,000,00640,00000,00000,0,A,Iowa,617,619,615,614,Village,379,Other
Ainsworth,508,162,19,000,00730,00000,00000,0,A,Iowa,509,510,512,513,Village,406,Other
Akron,1550,162,19,000,00775,00000,00000,0,A,Iowa,1554,1548,1541,1542,Village,198,Other
Albert City,675,162,19,000,00865,00000,00000,0,A,Iowa,676,671,659,626,Village,366,Other
Albia,3725,162,19,000,00910,00000,00000,0,A,Iowa,3716,3713,3678,3661,Village,108,Other
Albion,449,162,19,000,00955,00000,00000,0,A,Iowa,449,445,440,441,Village,428,Other
Alburnett,675,162,19,000,01000,00000,00000,0,A,Iowa,673,671,666,667,Village,366,Other
Alden,761,162,19,000,01045,00000,00000,0,A,Iowa,763,753,745,738,Village,331,Other
Alexander,167,162,19,000,01090,00000,00000,0,A,Iowa,167,166,166,163,Village,589,Other
Algona,5478,162,19,000,01135,00000,00000,0,A,Iowa,5487,5388,5374,5342,Small Town,73,Other
Alleman,433,162,19,000,01180,00000,00000,0,A,Iowa,434,437,434,434,Village,433,Other
Allerton,431,162,19,000,01270,00000,00000,0,A,Iowa,430,430,428,432,Village,435,Other
Allison,967,162,19,000,01315,00000,00000,0,A,Iowa,967,963,953,942,Village,273,Other
Alta,2086,162,19,000,01495,00000,00000,0,A,Iowa,2088,2080,2040,2018,Village,153,Other
Alta Vista,226,162,19,000,01540,00000,00000,0,A,Iowa,226,224,220,217,Village,549,Other
Alton,1244,162,19,000,01585,00000,00000,0,A,Iowa,1245,1238,1238,1243,Village,230,Other
Altoona,19674,162,19,000,01630,00000,00000,0,A,Iowa,19593,20764,21512,21698,Town,27,Other
Alvord,209,162,19,000,01675,00000,00000,0,A,Iowa,209,210,214,215,Village,558,Other
Ames,66487,162,19,000,01855,00000,00000,0,A,Iowa,66428,67024,65582,65686,Medium City,9,Other
Anamosa,5451,162,19,000,01990,00000,00000,0,A,Iowa,5445,5512,5654,5704,Small Town,75,Other
Andover,108,162,19,000,02080,00000,00000,0,A,Iowa,108,108,107,107,Village,636,Other
Andrew,377,162,19,000,02125,00000,00000,0,A,Iowa,378,378,376,375,Village,462,Other
Anita,964,162,19,000,02260,00000,00000,0,A,Iowa,965,960,966,965,Village,274,Other
Ankeny,68527,162,19,000,02305,00000,00000,0,A,Iowa,68062,70627,72433,74458,Medium City,7,Other
Anthon,541,162,19,000,02350,00000,00000,0,A,Iowa,542,532,531,531,Village,395,Other
Aplington,1111,162,19,000,02395,00000,00000,0,A,Iowa,1112,1107,1096,1089,Village,249,Other
Arcadia,529,162,19,000,02485,00000,00000,0,A,Iowa,525,548,565,578,Village,399,Other
Archer,116,162,19,000,02530,00000,00000,0,A,Iowa,116,114,115,114,Village,628,Other
Aredale,60,162,19,000,02620,00000,00000,0,A,Iowa,60,60,59,59,Village,677,Other
Arion,98,162,19,000,02755,00000,00000,0,A,Iowa,98,96,96,95,Village,644,Other
Arispe,96,162,19,000,02800,00000,00000,0,A,Iowa,96,95,94,94,Village,646,Other
Arlington,421,162,19,000,02845,00000,00000,0,A,Iowa,422,419,420,418,Village,440,Other
Armstrong,869,162,19,000,02935,00000,00000,0,A,Iowa,873,871,856,856,Village,303,Other
Arnolds Park,1115,162,19,000,03025,00000,00000,0,A,Iowa,1107,1150,1147,1185,Village,248,Other
Arthur,222,162,19,000,03115,00000,00000,0,A,Iowa,221,221,220,216,Village,551,Other
Asbury,5961,162,19,000,03160,00000,00000,0,A,Iowa,5948,5983,5974,6007,Small Town,66,Other
Ashton,452,162,19,000,03295,00000,00000,0,A,Iowa,451,448,441,432,Village,427,Other
Aspinwall,35,162,19,000,03340,00000,00000,0,A,Iowa,35,34,34,34,Village,696,Other
Atalissa,296,162,19,000,03385,00000,00000,0,A,Iowa,297,293,288,287,Village,502,Other
Atkins,2062,162,19,000,03475,00000,00000,0,A,Iowa,2058,2096,2118,2140,Village,156,Other
Atlantic,6791,162,19,000,03520,00000,00000,0,A,Iowa,6797,6768,6787,6781,Small Town,60,Other
Auburn,263,162,19,000,03610,00000,00000,0,A,Iowa,264,263,259,258,Village,522,Other
Audubon,2059,162,19,000,03655,00000,00000,0,A,Iowa,2058,2042,2013,1999,Village,157,Other
Aurelia,968,162,19,000,03745,00000,00000,0,A,Iowa,968,956,956,970,Village,272,Other
Aurora,166,162,19,000,03835,00000,00000,0,A,Iowa,166,166,166,166,Village,590,Other
Avoca,1687,162,19,000,03970,00000,00000,0,A,Iowa,1684,1683,1671,1678,Village,185,Other
Ayrshire,133,162,19,000,04105,00000,00000,0,A,Iowa,133,132,130,129,Village,616,Other
Badger,524,162,19,000,04195,00000,00000,0,A,Iowa,524,539,535,532,Village,402,Other
Bagley,232,162,19,000,04240,00000,00000,0,A,Iowa,232,228,230,230,Village,544,Other
Baldwin,101,162,19,000,04330,00000,00000,0,A,Iowa,101,100,100,100,Village,642,Other
Balltown,79,162,19,000,04375,00000,00000,0,A,Iowa,79,78,79,79,Village,661,Other
Bancroft,699,162,19,000,04420,00000,00000,0,A,Iowa,700,684,683,680,Village,360,Other
Bankston,24,162,19,000,04510,00000,00000,0,A,Iowa,24,24,23,23,Village,704,Other
Barnes City,154,162,19,000,04555,00000,00000,0,A,Iowa,154,152,152,151,Village,599,Other
Barnum,176,162,19,000,04645,00000,00000,0,A,Iowa,176,176,173,178,Village,585,Other
Bassett,43,162,19,000,04780,00000,00000,0,A,Iowa,43,42,42,42,Village,689,Other
Batavia,433,162,19,000,04825,00000,00000,0,A,Iowa,433,435,431,424,Village,433,Other
Battle Creek,703,162,19,000,04870,00000,00000,0,A,Iowa,701,698,693,685,Village,357,Other
Baxter,970,162,19,000,04915,00000,00000,0,A,Iowa,969,975,977,976,Village,271,Other
Bayard,406,162,19,000,04960,00000,00000,0,A,Iowa,407,402,404,404,Village,445,Other
Beacon,434,162,19,000,05050,00000,00000,0,A,Iowa,435,431,431,431,Village,432,Other
Beaconsfield,15,162,19,000,05095,00000,00000,0,A,Iowa,15,15,15,15,Village,710,Other
Beaman,160,162,19,000,05140,00000,00000,0,A,Iowa,160,160,160,159,Village,595,Other
Beaver,45,162,19,000,05185,00000,00000,0,A,Iowa,45,45,44,44,Village,687,Other
Bedford,1493,162,19,000,05365,00000,00000,0,A,Iowa,1501,1495,1494,1503,Village,205,Other
Belle Plaine,2327,162,19,000,05590,00000,00000,0,A,Iowa,2331,2339,2337,2340,Village,148,Other
Bellevue,2357,162,19,000,05635,00000,00000,0,A,Iowa,2363,2347,2328,2320,Village,146,Other
Belmond,2461,162,19,000,05680,00000,00000,0,A,Iowa,2466,2436,2410,2399,Village,141,Other
Bennett,348,162,19,000,05770,00000,00000,0,A,Iowa,348,345,339,335,Village,478,Other
Benton,40,162,19,000,05905,00000,00000,0,A,Iowa,40,40,40,40,Village,691,Other
Berkley,22,162,19,000,06040,00000,00000,0,A,Iowa,22,22,22,21,Village,706,Other
Bernard,115,162,19,000,06085,00000,00000,0,A,Iowa,115,114,116,116,Village,629,Other
Bertram,270,162,19,000,06175,00000,00000,0,A,Iowa,270,267,267,267,Village,515,Other
Bettendorf,39125,162,19,000,06355,00000,00000,0,A,Iowa,39097,39328,39532,39858,Small City,15,Other
Bevington,55,162,19,000,06490,00000,00000,0,A,Iowa,55,55,55,59,Village,680,Other
Birmingham,370,162,19,000,06625,00000,00000,0,A,Iowa,369,372,371,372,Village,465,Other
Blairsburg,176,162,19,000,06760,00000,00000,0,A,Iowa,176,174,175,176,Village,585,Other
Blairstown,706,162,19,000,06805,00000,00000,0,A,Iowa,707,708,706,704,Village,356,Other
Blakesburg,272,162,19,000,06850,00000,00000,0,A,Iowa,273,272,270,269,Village,513,Other
Blanchard,30,162,19,000,06895,00000,00000,0,A,Iowa,30,30,30,29,Village,699,Other
Blencoe,233,162,19,000,06940,00000,00000,0,A,Iowa,233,228,228,227,Village,543,Other
Blockton,123,162,19,000,06985,00000,00000,0,A,Iowa,124,123,123,125,Village,623,Other
Bloomfield,2683,162,19,000,07030,00000,00000,0,A,Iowa,2682,2696,2773,2772,Village,129,Other
Blue Grass,1665,162,19,000,07075,00000,00000,0,A,Iowa,1666,1673,1678,1686,Village,188,Other
Bode,306,162,19,000,07210,00000,00000,0,A,Iowa,306,305,302,301,Village,496,Other
Bonaparte,360,162,19,000,07345,00000,00000,0,A,Iowa,359,362,360,361,Village,470,Other
Bondurant,7439,162,19,000,07390,00000,00000,0,A,Iowa,7373,8052,8705,8959,Small Town,55,Other
Boone,12452,162,19,000,07480,00000,00000,0,A,Iowa,12453,12490,12386,12416,Town,33,Other
Bouton,130,162,19,000,07660,00000,00000,0,A,Iowa,130,130,129,126,Village,618,Other
Boxholm,178,162,19,000,07750,00000,00000,0,A,Iowa,178,178,175,173,Village,583,Other
Boyden,701,162,19,000,07840,00000,00000,0,A,Iowa,702,697,693,697,Village,358,Other
Braddyville,142,162,19,000,07930,00000,00000,0,A,Iowa,142,142,141,139,Village,610,Other
Bradgate,75,162,19,000,08065,00000,00000,0,A,Iowa,75,75,75,74,Village,665,Other
Brandon,337,162,19,000,08155,00000,00000,0,A,Iowa,336,337,336,333,Village,485,Other
Brayton,143,162,19,000,08200,00000,00000,0,A,Iowa,143,142,138,137,Village,609,Other
Breda,497,162,19,000,08290,00000,00000,0,A,Iowa,498,500,496,494,Village,413,Other
Bridgewater,148,162,19,000,08425,00000,00000,0,A,Iowa,148,149,147,145,Village,604,Other
Brighton,598,162,19,000,08470,00000,00000,0,A,Iowa,599,594,591,589,Village,384,Other
Bristow,144,162,19,000,08560,00000,00000,0,A,Iowa,144,144,142,139,Village,608,Other
Britt,2036,162,19,000,08605,00000,00000,0,A,Iowa,2045,2020,2002,2004,Village,160,Other
Bronson,299,162,19,000,08650,00000,00000,0,A,Iowa,300,298,296,294,Village,501,Other
Brooklyn,1496,162,19,000,08695,00000,00000,0,A,Iowa,1497,1486,1469,1464,Village,204,Other
Brunsville,128,162,19,000,08875,00000,00000,0,A,Iowa,128,127,127,129,Village,620,Other
Buckeye,84,162,19,000,09100,00000,00000,0,A,Iowa,84,83,82,82,Village,657,Other
Buck Grove,35,162,19,000,09145,00000,00000,0,A,Iowa,35,34,34,34,Village,696,Other
Buffalo,1179,162,19,000,09235,00000,00000,0,A,Iowa,1181,1173,1164,1164,Village,237,Other
Buffalo Center,861,162,19,000,09280,00000,00000,0,A,Iowa,862,859,855,847,Village,305,Other
Burlington,23932,162,19,000,09550,00000,00000,0,A,Iowa,23988,23730,23581,23565,Town,23,Other
Burt,417,162,19,000,09685,00000,00000,0,A,Iowa,418,409,406,405,Village,441,Other
Bussey,379,162,19,000,09730,00000,00000,0,A,Iowa,380,376,374,374,Village,460,Other
Calamus,354,162,19,000,09820,00000,00000,0,A,Iowa,354,354,351,350,Village,474,Other
Callender,371,162,19,000,09955,00000,00000,0,A,Iowa,371,368,362,359,Village,464,Other
Calmar,1132,162,19,000,10045,00000,00000,0,A,Iowa,1134,1119,1109,1097,Village,244,Other
Calumet,145,162,19,000,10090,00000,00000,0,A,Iowa,145,143,143,141,Village,607,Other
Camanche,4571,162,19,000,10135,00000,00000,0,A,Iowa,4572,4578,4556,4552,Village,92,Other
Cambridge,828,162,19,000,10225,00000,00000,0,A,Iowa,829,835,828,828,Village,313,Other
Cantril,223,162,19,000,10450,00000,00000,0,A,Iowa,223,225,224,225,Village,550,Other
Carbon,32,162,19,000,10585,00000,00000,0,A,Iowa,32,31,31,30,Village,697,Other
Carlisle,4166,162,19,000,10765,00000,00000,0,A,Iowa,4160,4195,4283,4326,Village,101,Other
Carpenter,89,162,19,000,11035,00000,00000,0,A,Iowa,89,89,90,90,Village,652,Other
Carroll,10300,162,19,000,11080,00000,00000,0,A,Iowa,10319,10282,10181,10163,Town,41,Other
Carson,768,162,19,000,11170,00000,00000,0,A,Iowa,766,765,765,766,Village,328,Other
Carter Lake,3790,162,19,000,11215,00000,00000,0,A,Iowa,3792,3772,3757,3759,Village,107,Other
Cascade,2390,162,19,000,11305,00000,00000,0,A,Iowa,2388,2394,2384,2385,Village,143,Other
Casey,383,162,19,000,11395,00000,00000,0,A,Iowa,384,379,386,385,Village,457,Other
Castalia,144,162,19,000,11485,00000,00000,0,A,Iowa,144,142,141,139,Village,608,Other
Castana,105,162,19,000,11530,00000,00000,0,A,Iowa,105,103,102,103,Village,638,Other
Cedar Falls,40702,162,19,000,11755,00000,00000,0,A,Iowa,40726,40668,40570,40737,Small City,14,Other
Cedar Rapids,137758,162,19,000,12000,00000,00000,0,A,Iowa,137728,136874,136392,135958,Large City,2,Other
Center Point,2584,162,19,000,12270,00000,00000,0,A,Iowa,2585,2570,2556,2549,Village,134,Other
Centerville,5407,162,19,000,12315,00000,00000,0,A,Iowa,5422,5388,5357,5344,Small Town,77,Other
Central City,1267,162,19,000,12495,00000,00000,0,A,Iowa,1266,1254,1246,1241,Village,224,Other
Centralia,116,162,19,000,12630,00000,00000,0,A,Iowa,116,115,115,117,Village,628,Other
Chariton,4189,162,19,000,12720,00000,00000,0,A,Iowa,4196,4229,4228,4280,Village,99,Other
Charles City,7382,162,19,000,12765,00000,00000,0,A,Iowa,7400,7312,7242,7228,Small Town,56,Other
Charlotte,390,162,19,000,12855,00000,00000,0,A,Iowa,391,393,391,389,Village,453,Other
Charter Oak,532,162,19,000,12900,00000,00000,0,A,Iowa,533,522,518,511,Village,398,Other
Chatsworth,74,162,19,000,12945,00000,00000,0,A,Iowa,74,74,75,74,Village,666,Other
Chelsea,226,162,19,000,12990,00000,00000,0,A,Iowa,227,224,224,220,Village,549,Other
Cherokee,5195,162,19,000,13080,00000,00000,0,A,Iowa,5196,5138,5119,5167,Small Town,81,Other
Chester,136,162,19,000,13125,00000,00000,0,A,Iowa,136,136,136,133,Village,614,Other
Chillicothe,76,162,19,000,13215,00000,00000,0,A,Iowa,76,76,75,78,Village,664,Other
Churdan,365,162,19,000,13350,00000,00000,0,A,Iowa,366,363,360,357,Village,466,Other
Cincinnati,288,162,19,000,13395,00000,00000,0,A,Iowa,289,287,284,283,Village,505,Other
Clare,140,162,19,000,13485,00000,00000,0,A,Iowa,140,140,137,136,Village,612,Other
Clarence,1037,162,19,000,13530,00000,00000,0,A,Iowa,1038,1029,1017,1004,Village,261,Other
Clarinda,5364,162,19,000,13575,00000,00000,0,A,Iowa,5369,5375,5388,5305,Small Town,79,Other
Clarion,2805,162,19,000,13620,00000,00000,0,A,Iowa,2811,2782,2756,2745,Village,126,Other
Clarksville,1261,162,19,000,13755,00000,00000,0,A,Iowa,1262,1259,1244,1243,Village,226,Other
Clayton,46,162,19,000,13845,00000,00000,0,A,Iowa,46,46,46,46,Village,686,Other
Clearfield,278,162,19,000,13980,00000,00000,0,A,Iowa,279,278,278,282,Village,508,Other
Clear Lake,7660,162,19,000,14025,00000,00000,0,A,Iowa,7676,7593,7558,7567,Small Town,51,Other
Cleghorn,239,162,19,000,14115,00000,00000,0,A,Iowa,239,236,233,236,Village,538,Other
Clemons,136,162,19,000,14160,00000,00000,0,A,Iowa,136,135,133,133,Village,614,Other
Clermont,577,162,19,000,14250,00000,00000,0,A,Iowa,579,572,576,571,Village,388,Other
Clinton,24444,162,19,000,14430,00000,00000,0,A,Iowa,24467,24457,24346,24239,Town,20,Other
Clio,66,162,19,000,14475,00000,00000,0,A,Iowa,66,66,66,67,Village,673,Other
Clive,18654,162,19,000,14520,00000,00000,0,A,Iowa,18602,18887,18922,19005,Town,28,Other
Clutier,211,162,19,000,14655,00000,00000,0,A,Iowa,212,209,209,208,Village,556,Other
Coburg,27,162,19,000,14880,00000,00000,0,A,Iowa,27,27,27,27,Village,702,Other
Coggon,703,162,19,000,14925,00000,00000,0,A,Iowa,704,696,692,686,Village,357,Other
Coin,176,162,19,000,14970,00000,00000,0,A,Iowa,176,176,175,172,Village,585,Other
Colesburg,386,162,19,000,15015,00000,00000,0,A,Iowa,387,387,384,383,Village,454,Other
Colfax,2253,162,19,000,15060,00000,00000,0,A,Iowa,2255,2254,2252,2262,Village,150,Other
College Springs,172,162,19,000,15105,00000,00000,0,A,Iowa,172,172,171,169,Village,587,Other
Collins,498,162,19,000,15195,00000,00000,0,A,Iowa,496,503,499,496,Village,412,Other
Colo,847,162,19,000,15240,00000,00000,0,A,Iowa,848,850,845,842,Village,308,Other
Columbus City,386,162,19,000,15375,00000,00000,0,A,Iowa,387,384,382,378,Village,454,Other
Columbus Junction,1830,162,19,000,15420,00000,00000,0,A,Iowa,1834,1810,1788,1771,Village,174,Other
Colwell,58,162,19,000,15465,00000,00000,0,A,Iowa,58,57,57,57,Village,679,Other
Conesville,350,162,19,000,15645,00000,00000,0,A,Iowa,351,348,345,346,Village,476,Other
Conrad,1092,162,19,000,15825,00000,00000,0,A,Iowa,1092,1092,1092,1095,Village,251,Other
Conway,16,162,19,000,15960,00000,00000,0,A,Iowa,16,16,16,16,Village,709,Other
Coon Rapids,1303,162,19,000,16050,00000,00000,0,A,Iowa,1305,1298,1274,1268,Village,220,Other
Coppock,37,162,19,000,16140,00000,00000,0,A,Iowa,37,37,37,36,Village,694,Other
Coralville,22333,162,19,000,16230,00000,00000,0,A,Iowa,22331,22937,23172,23596,Town,25,Other
Corning,1568,162,19,000,16500,00000,00000,0,A,Iowa,1567,1534,1515,1491,Village,195,Other
Correctionville,760,162,19,000,16545,00000,00000,0,A,Iowa,761,750,743,746,Village,332,Other
Corwith,266,162,19,000,16590,00000,00000,0,A,Iowa,267,264,262,260,Village,519,Other
Corydon,1522,162,19,000,16635,00000,00000,0,A,Iowa,1521,1527,1515,1537,Village,202,Other
Cotter,38,162,19,000,16725,00000,00000,0,A,Iowa,38,37,37,37,Village,693,Other
Coulter,219,162,19,000,16815,00000,00000,0,A,Iowa,219,218,216,217,Village,553,Other
Council Bluffs,62790,162,19,000,16860,00000,00000,0,A,Iowa,62792,62580,62322,62399,Medium City,10,Other
Craig,77,162,19,000,16950,00000,00000,0,A,Iowa,77,77,76,76,Village,663,Other
Crawfordsville,277,162,19,000,17130,00000,00000,0,A,Iowa,278,278,277,278,Village,509,Other
Crescent,626,162,19,000,17175,00000,00000,0,A,Iowa,626,626,622,624,Village,376,Other
Cresco,3903,162,19,000,17220,00000,00000,0,A,Iowa,3892,3918,3939,3897,Village,104,Other
Creston,7534,162,19,000,17265,00000,00000,0,A,Iowa,7542,7480,7388,7392,Small Town,54,Other
Cromwell,105,162,19,000,17490,00000,00000,0,A,Iowa,105,104,103,103,Village,638,Other
Crystal Lake,253,162,19,000,17670,00000,00000,0,A,Iowa,254,249,249,244,Village,528,Other
Cumberland,248,162,19,000,17760,00000,00000,0,A,Iowa,248,249,253,250,Village,532,Other
Cumming,432,162,19,000,17850,00000,00000,0,A,Iowa,430,454,485,501,Village,434,Other
Curlew,40,162,19,000,17895,00000,00000,0,A,Iowa,40,39,39,39,Village,691,Other
Cushing,230,162,19,000,17940,00000,00000,0,A,Iowa,230,227,225,223,Village,546,Other
Cylinder,87,162,19,000,17985,00000,00000,0,A,Iowa,87,86,85,85,Village,654,Other
Dakota City,759,162,19,000,18075,00000,00000,0,A,Iowa,759,764,759,756,Village,333,Other
Dallas Center,1909,162,19,000,18255,00000,00000,0,A,Iowa,1904,1925,1954,1966,Village,171,Other
Dana,35,162,19,000,18345,00000,00000,0,A,Iowa,35,35,35,34,Village,696,Other
Danbury,318,162,19,000,18390,00000,00000,0,A,Iowa,319,312,311,311,Village,492,Other
Danville,921,162,19,000,18435,00000,00000,0,A,Iowa,923,912,907,908,Village,288,Other
Davenport,101651,162,19,000,19000,00000,00000,0,A,Iowa,101727,101041,100339,100354,Large City,3,Other
Davis City,177,162,19,000,19090,00000,00000,0,A,Iowa,178,179,180,179,Village,584,Other
Dawson,112,162,19,000,19135,00000,00000,0,A,Iowa,112,112,112,110,Village,632,Other
Dayton,774,162,19,000,19180,00000,00000,0,A,Iowa,774,772,762,759,Village,325,Other
Decatur,176,162,19,000,19315,00000,00000,0,A,Iowa,177,178,178,178,Village,585,Other
Decorah,7578,162,19,000,19405,00000,00000,0,A,Iowa,7583,7600,7614,7578,Small Town,52,Other
Dedham,223,162,19,000,19450,00000,00000,0,A,Iowa,223,222,219,221,Village,550,Other
Deep River,251,162,19,000,19495,00000,00000,0,A,Iowa,251,251,248,249,Village,529,Other
Defiance,247,162,19,000,19585,00000,00000,0,A,Iowa,248,247,243,245,Village,533,Other
Delaware,140,162,19,000,19630,00000,00000,0,A,Iowa,140,140,140,139,Village,612,Other
Delhi,414,162,19,000,19675,00000,00000,0,A,Iowa,413,417,428,432,Village,442,Other
Delmar,544,162,19,000,19720,00000,00000,0,A,Iowa,545,544,538,542,Village,394,Other
Deloit,250,162,19,000,19765,00000,00000,0,A,Iowa,250,246,244,242,Village,530,Other
Delta,261,162,19,000,19855,00000,00000,0,A,Iowa,262,257,257,258,Village,524,Other
Denison,8351,162,19,000,19945,00000,00000,0,A,Iowa,8367,8224,8177,8114,Small Town,47,Other
Denver,1921,162,19,000,20035,00000,00000,0,A,Iowa,1921,1933,1943,1946,Village,169,Other
Derby,88,162,19,000,20125,00000,00000,0,A,Iowa,88,89,89,89,Village,653,Other
Des Moines,213826,162,19,000,21000,00000,00000,0,A,Iowa,214124,212625,211048,210381,Large City,1,Other
De Soto,922,162,19,000,21045,00000,00000,0,A,Iowa,918,931,938,933,Village,287,Other
DeWitt,5517,162,19,000,21180,00000,00000,0,A,Iowa,5515,5533,5522,5587,Small Town,71,Other
Dexter,641,162,19,000,21225,00000,00000,0,A,Iowa,640,643,637,629,Village,370,Other
Diagonal,338,162,19,000,21270,00000,00000,0,A,Iowa,339,337,342,338,Village,484,Other
Dickens,146,162,19,000,21360,00000,00000,0,A,Iowa,147,147,147,147,Village,606,Other
Dike,1300,162,19,000,21405,00000,00000,0,A,Iowa,1300,1299,1296,1298,Village,221,Other
Dixon,203,162,19,000,21540,00000,00000,0,A,Iowa,203,203,202,204,Village,563,Other
Dolliver,66,162,19,000,21675,00000,00000,0,A,Iowa,66,65,64,64,Village,673,Other
Donahue,333,162,19,000,21720,00000,00000,0,A,Iowa,334,334,334,336,Village,487,Other
Donnellson,887,162,19,000,21810,00000,00000,0,A,Iowa,887,884,873,866,Village,298,Other
Doon,618,162,19,000,21900,00000,00000,0,A,Iowa,619,629,638,642,Village,378,Other
Dougherty,63,162,19,000,22080,00000,00000,0,A,Iowa,63,62,62,61,Village,675,Other
Dow City,484,162,19,000,22215,00000,00000,0,A,Iowa,485,477,471,467,Village,416,Other
Dows,525,162,19,000,22305,00000,00000,0,A,Iowa,526,519,513,509,Village,401,Other
Drakesville,164,162,19,000,22350,00000,00000,0,A,Iowa,164,167,167,170,Village,591,Other
Dubuque,59654,162,19,000,22395,00000,00000,0,A,Iowa,59677,59277,58906,58877,Medium City,11,Other
Dumont,636,162,19,000,22620,00000,00000,0,A,Iowa,636,632,624,618,Village,373,Other
Duncombe,379,162,19,000,22755,00000,00000,0,A,Iowa,379,376,372,370,Village,460,Other
Dundee,194,162,19,000,22800,00000,00000,0,A,Iowa,195,195,195,194,Village,570,Other
Dunkerton,839,162,19,000,22845,00000,00000,0,A,Iowa,838,830,829,832,Village,309,Other
Dunlap,1041,162,19,000,22890,00000,00000,0,A,Iowa,1041,1044,1044,1035,Village,260,Other
Durango,22,162,19,000,22935,00000,00000,0,A,Iowa,22,22,21,21,Village,706,Other
Durant,1880,162,19,000,22980,00000,00000,0,A,Iowa,1876,1864,1835,1815,Village,172,Other
Dyersville,4505,162,19,000,23115,00000,00000,0,A,Iowa,4479,4511,4554,4557,Village,95,Other
Dysart,1277,162,19,000,23160,00000,00000,0,A,Iowa,1281,1265,1263,1261,Village,222,Other
Eagle Grove,3601,162,19,000,23250,00000,00000,0,A,Iowa,3607,3589,3569,3566,Village,111,Other
Earlham,1414,162,19,000,23340,00000,00000,0,A,Iowa,1411,1418,1424,1413,Village,210,Other
Earling,394,162,19,000,23385,00000,00000,0,A,Iowa,396,395,390,393,Village,450,Other
Earlville,717,162,19,000,23430,00000,00000,0,A,Iowa,719,720,720,717,Village,352,Other
Early,590,162,19,000,23475,00000,00000,0,A,Iowa,591,588,584,581,Village,385,Other
East Peru,114,162,19,000,23790,00000,00000,0,A,Iowa,114,116,119,118,Village,630,Other
Eddyville,968,162,19,000,23970,00000,00000,0,A,Iowa,971,965,958,958,Village,272,Other
Edgewood,908,162,19,000,24060,00000,00000,0,A,Iowa,909,917,914,910,Village,292,Other
Elberon,182,162,19,000,24375,00000,00000,0,A,Iowa,183,180,180,179,Village,580,Other
Eldon,785,162,19,000,24420,00000,00000,0,A,Iowa,787,782,777,777,Village,323,Other
Eldora,2651,162,19,000,24465,00000,00000,0,A,Iowa,2660,2632,2615,2589,Village,131,Other
Eldridge,6727,162,19,000,24600,00000,00000,0,A,Iowa,6721,6748,6754,6846,Small Town,61,Other
Elgin,686,162,19,000,24645,00000,00000,0,A,Iowa,688,680,678,674,Village,362,Other
Elkader,1213,162,19,000,24690,00000,00000,0,A,Iowa,1214,1209,1206,1197,Village,232,Other
Elkhart,892,162,19,000,24735,00000,00000,0,A,Iowa,882,929,999,1041,Village,296,Other
Elk Horn,601,162,19,000,24780,00000,00000,0,A,Iowa,601,618,626,631,Village,383,Other
Elkport,28,162,19,000,24825,00000,00000,0,A,Iowa,28,28,28,28,Village,701,Other
Elk Run Heights,1067,162,19,000,24870,00000,00000,0,A,Iowa,1069,1064,1056,1055,Village,256,Other
Elliott,339,162,19,000,24915,00000,00000,0,A,Iowa,339,338,333,331,Village,483,Other
Ellston,21,162,19,000,25005,00000,00000,0,A,Iowa,21,21,21,21,Village,707,Other
Ellsworth,506,162,19,000,25050,00000,00000,0,A,Iowa,507,501,495,492,Village,408,Other
Elma,506,162,19,000,25095,00000,00000,0,A,Iowa,505,506,493,490,Village,408,Other
Ely,2333,162,19,000,25365,00000,00000,0,A,Iowa,2325,2348,2337,2335,Village,147,Other
Emerson,396,162,19,000,25500,00000,00000,0,A,Iowa,398,397,396,399,Village,449,Other
Emmetsburg,3696,162,19,000,25590,00000,00000,0,A,Iowa,3698,3670,3629,3623,Village,109,Other
Epworth,2020,162,19,000,25725,00000,00000,0,A,Iowa,2014,2023,2017,2024,Village,162,Other
Essex,724,162,19,000,25815,00000,00000,0,A,Iowa,725,728,728,717,Village,348,Other
Estherville,5869,162,19,000,25860,00000,00000,0,A,Iowa,5900,5856,5814,5823,Small Town,68,Other
Evansdale,4557,162,19,000,25995,00000,00000,0,A,Iowa,4562,4519,4492,4490,Village,93,Other
Everly,573,162,19,000,26175,00000,00000,0,A,Iowa,576,574,575,572,Village,390,Other
Exira,790,162,19,000,26265,00000,00000,0,A,Iowa,789,783,775,763,Village,321,Other
Exline,161,162,19,000,26310,00000,00000,0,A,Iowa,161,160,158,158,Village,594,Other
Fairbank,1108,162,19,000,26355,00000,00000,0,A,Iowa,1108,1114,1119,1128,Village,250,Other
Fairfax,2853,162,19,000,26400,00000,00000,0,A,Iowa,2836,2860,2894,2904,Village,125,Other
Fairfield,9449,162,19,000,26445,00000,00000,0,A,Iowa,9423,9510,9427,9300,Small Town,45,Other
Farley,1767,162,19,000,26760,00000,00000,0,A,Iowa,1769,1747,1722,1722,Village,178,Other
Farmersburg,272,162,19,000,26850,00000,00000,0,A,Iowa,272,272,269,266,Village,513,Other
Farmington,584,162,19,000,26895,00000,00000,0,A,Iowa,583,587,587,589,Village,387,Other
Farnhamville,380,162,19,000,26940,00000,00000,0,A,Iowa,381,378,369,370,Village,459,Other
Farragut,486,162,19,000,26985,00000,00000,0,A,Iowa,489,486,477,478,Village,415,Other
Fayette,1253,162,19,000,27165,00000,00000,0,A,Iowa,1256,1244,1244,1240,Village,229,Other
Fenton,267,162,19,000,27210,00000,00000,0,A,Iowa,268,259,256,253,Village,518,Other
Ferguson,98,162,19,000,27255,00000,00000,0,A,Iowa,98,97,98,98,Village,644,Other
Fertile,306,162,19,000,27390,00000,00000,0,A,Iowa,306,302,299,299,Village,496,Other
Floris,115,162,19,000,27975,00000,00000,0,A,Iowa,115,115,114,114,Village,629,Other
Floyd,311,162,19,000,28020,00000,00000,0,A,Iowa,312,309,306,305,Village,493,Other
Fonda,636,162,19,000,28245,00000,00000,0,A,Iowa,637,633,643,633,Village,373,Other
Fontanelle,683,162,19,000,28290,00000,00000,0,A,Iowa,683,685,676,670,Village,364,Other
Forest City,4266,162,19,000,28380,00000,00000,0,A,Iowa,4275,4266,4276,4272,Village,98,Other
Fort Atkinson,310,162,19,000,28425,00000,00000,0,A,Iowa,311,306,304,301,Village,494,Other
Fort Dodge,24864,162,19,000,28515,00000,00000,0,A,Iowa,24870,25031,24667,24591,Town,19,Other
Fort Madison,10324,162,19,000,28605,00000,00000,0,A,Iowa,10330,10249,10140,10053,Town,40,Other
Fostoria,231,162,19,000,28650,00000,00000,0,A,Iowa,232,232,233,230,Village,545,Other
Franklin,128,162,19,000,28740,00000,00000,0,A,Iowa,128,127,126,127,Village,620,Other
Fraser,102,162,19,000,28920,00000,00000,0,A,Iowa,102,102,103,102,Village,641,Other
Fredericksburg,986,162,19,000,28965,00000,00000,0,A,Iowa,988,986,983,976,Village,269,Other
Frederika,204,162,19,000,29010,00000,00000,0,A,Iowa,204,206,206,206,Village,562,Other
Fredonia,219,162,19,000,29055,00000,00000,0,A,Iowa,219,216,213,211,Village,553,Other
Fremont,697,162,19,000,29190,00000,00000,0,A,Iowa,698,689,688,685,Village,361,Other
Fruitland,959,162,19,000,29280,00000,00000,0,A,Iowa,962,948,934,930,Village,277,Other
Galt,23,162,19,000,29550,00000,00000,0,A,Iowa,23,23,23,22,Village,705,Other
Galva,434,162,19,000,29595,00000,00000,0,A,Iowa,433,429,422,417,Village,432,Other
Garber,80,162,19,000,29685,00000,00000,0,A,Iowa,80,80,80,79,Village,660,Other
Garden Grove,172,162,19,000,29775,00000,00000,0,A,Iowa,173,174,174,174,Village,587,Other
Garnavillo,756,162,19,000,29910,00000,00000,0,A,Iowa,757,760,757,751,Village,335,Other
Garner,3055,162,19,000,29955,00000,00000,0,A,Iowa,3061,3056,3052,3035,Village,120,Other
Garrison,344,162,19,000,30000,00000,00000,0,A,Iowa,345,347,346,344,Village,480,Other
Garwin,483,162,19,000,30045,00000,00000,0,A,Iowa,484,477,477,472,Village,417,Other
Geneva,136,162,19,000,30135,00000,00000,0,A,Iowa,136,135,135,135,Village,614,Other
George,1081,162,19,000,30225,00000,00000,0,A,Iowa,1083,1086,1095,1103,Village,253,Other
Gibson,59,162,19,000,30540,00000,00000,0,A,Iowa,59,58,58,58,Village,678,Other
Gilbert,1207,162,19,000,30630,00000,00000,0,A,Iowa,1209,1234,1258,1331,Village,234,Other
Gilbertville,788,162,19,000,30675,00000,00000,0,A,Iowa,790,787,785,791,Village,322,Other
Gillett Grove,32,162,19,000,30810,00000,00000,0,A,Iowa,32,32,32,32,Village,697,Other
Gilman,544,162,19,000,30900,00000,00000,0,A,Iowa,544,539,531,532,Village,394,Other
Gilmore City,484,162,19,000,30945,00000,00000,0,A,Iowa,484,483,482,478,Village,416,Other
Gladbrook,799,162,19,000,31035,00000,00000,0,A,Iowa,801,789,788,781,Village,318,Other
Glenwood,5047,162,19,000,31350,00000,00000,0,A,Iowa,5073,5075,5130,5175,Small Town,84,Other
Glidden,1152,162,19,000,31395,00000,00000,0,A,Iowa,1154,1159,1154,1150,Village,243,Other
Goldfield,632,162,19,000,31530,00000,00000,0,A,Iowa,634,625,618,614,Village,374,Other
Goodell,142,162,19,000,31575,00000,00000,0,A,Iowa,142,140,140,140,Village,610,Other
Goose Lake,249,162,19,000,31665,00000,00000,0,A,Iowa,249,249,250,251,Village,531,Other
Gowrie,955,162,19,000,31710,00000,00000,0,A,Iowa,955,953,944,935,Village,278,Other
Graettinger,831,162,19,000,31800,00000,00000,0,A,Iowa,832,825,811,813,Village,311,Other
Graf,74,162,19,000,31845,00000,00000,0,A,Iowa,74,73,75,75,Village,666,Other
Grafton,217,162,19,000,31890,00000,00000,0,A,Iowa,217,215,212,212,Village,554,Other
Grand Junction,723,162,19,000,31980,00000,00000,0,A,Iowa,725,718,716,708,Village,349,Other
Grand Mound,618,162,19,000,32025,00000,00000,0,A,Iowa,619,616,614,610,Village,378,Other
Grand River,197,162,19,000,32070,00000,00000,0,A,Iowa,198,199,200,197,Village,569,Other
Grandview,442,162,19,000,32115,00000,00000,0,A,Iowa,443,439,434,429,Village,429,Other
Granger,1724,162,19,000,32160,00000,00000,0,A,Iowa,1698,1889,2001,2038,Village,179,Other
Grant,86,162,19,000,32295,00000,00000,0,A,Iowa,86,86,85,84,Village,655,Other
Granville,311,162,19,000,32475,00000,00000,0,A,Iowa,311,309,305,303,Village,493,Other
Gravity,153,162,19,000,32520,00000,00000,0,A,Iowa,154,153,153,155,Village,600,Other
Gray,61,162,19,000,32565,00000,00000,0,A,Iowa,61,61,62,61,Village,676,Other
Greeley,216,162,19,000,32610,00000,00000,0,A,Iowa,217,217,216,216,Village,555,Other
Greene,993,162,19,000,32745,00000,00000,0,A,Iowa,994,992,982,977,Village,268,Other
Greenfield,2059,162,19,000,32790,00000,00000,0,A,Iowa,2061,2067,2048,2033,Village,157,Other
Greenville,68,162,19,000,32970,00000,00000,0,A,Iowa,68,68,68,68,Village,671,Other
Grimes,15601,162,19,000,33060,00000,00000,0,A,Iowa,15395,15991,16295,16362,Town,31,Other
Grinnell,9538,162,19,000,33105,00000,00000,0,A,Iowa,9553,9555,9521,9473,Small Town,44,Other
Griswold,993,162,19,000,33150,00000,00000,0,A,Iowa,994,989,992,991,Village,268,Other
Grundy Center,2805,162,19,000,33195,00000,00000,0,A,Iowa,2802,2811,2803,2806,Village,126,Other
Gruver,64,162,19,000,33240,00000,00000,0,A,Iowa,64,63,62,62,Village,674,Other
Guernsey,63,162,19,000,33285,00000,00000,0,A,Iowa,63,63,62,61,Village,675,Other
Guthrie Center,1583,162,19,000,33420,00000,00000,0,A,Iowa,1588,1572,1578,1579,Village,193,Other
Guttenberg,1814,162,19,000,33465,00000,00000,0,A,Iowa,1816,1819,1818,1808,Village,175,Other
Halbur,273,162,19,000,33645,00000,00000,0,A,Iowa,274,273,269,268,Village,512,Other
Hamburg,888,162,19,000,33780,00000,00000,0,A,Iowa,893,886,873,868,Village,297,Other
Hamilton,125,162,19,000,33870,00000,00000,0,A,Iowa,125,125,127,127,Village,622,Other
Hampton,4329,162,19,000,33960,00000,00000,0,A,Iowa,4338,4309,4306,4272,Village,96,Other
Hancock,199,162,19,000,34005,00000,00000,0,A,Iowa,199,197,198,198,Village,567,Other
Hanlontown,208,162,19,000,34185,00000,00000,0,A,Iowa,208,206,204,202,Village,559,Other
Hansell,83,162,19,000,34365,00000,00000,0,A,Iowa,83,83,83,82,Village,658,Other
Harcourt,264,162,19,000,34410,00000,00000,0,A,Iowa,264,263,257,255,Village,521,Other
Hardy,54,162,19,000,34455,00000,00000,0,A,Iowa,54,54,54,53,Village,681,Other
Harlan,4898,162,19,000,34500,00000,00000,0,A,Iowa,4896,4904,4861,4891,Village,88,Other
Harper,117,162,19,000,34545,00000,00000,0,A,Iowa,117,116,116,116,Village,627,Other
Harpers Ferry,261,162,19,000,34590,00000,00000,0,A,Iowa,260,262,265,270,Village,524,Other
Harris,151,162,19,000,34635,00000,00000,0,A,Iowa,151,151,148,144,Village,601,Other
Hartford,733,162,19,000,34680,00000,00000,0,A,Iowa,733,730,727,725,Village,343,Other
Hartley,1600,162,19,000,34725,00000,00000,0,A,Iowa,1606,1581,1578,1570,Village,191,Other
Hartwick,92,162,19,000,34770,00000,00000,0,A,Iowa,92,91,90,90,Village,649,Other
Harvey,236,162,19,000,34860,00000,00000,0,A,Iowa,236,237,237,239,Village,541,Other
Hastings,155,162,19,000,34995,00000,00000,0,A,Iowa,156,156,156,157,Village,598,Other
Havelock,128,162,19,000,35130,00000,00000,0,A,Iowa,128,128,128,125,Village,620,Other
Haverhill,166,162,19,000,35220,00000,00000,0,A,Iowa,166,164,163,163,Village,590,Other
Hawarden,2697,162,19,000,35265,00000,00000,0,A,Iowa,2699,2680,2664,2644,Village,128,Other
Hawkeye,437,162,19,000,35310,00000,00000,0,A,Iowa,438,431,431,429,Village,431,Other
Hayesville,44,162,19,000,35445,00000,00000,0,A,Iowa,44,44,43,44,Village,688,Other
Hazleton,711,162,19,000,35580,00000,00000,0,A,Iowa,710,713,712,710,Village,355,Other
Hedrick,731,162,19,000,35670,00000,00000,0,A,Iowa,732,722,721,722,Village,345,Other
Henderson,140,162,19,000,35715,00000,00000,0,A,Iowa,141,141,141,140,Village,612,Other
Hiawatha,7186,162,19,000,35940,00000,00000,0,A,Iowa,7184,7156,7155,7219,Small Town,58,Other
Hills,866,162,19,000,36345,00000,00000,0,A,Iowa,860,897,916,910,Village,304,Other
Hillsboro,161,162,19,000,36390,00000,00000,0,A,Iowa,161,160,159,157,Village,594,Other
Hinton,934,162,19,000,36480,00000,00000,0,A,Iowa,934,945,952,955,Village,282,Other
Holland,269,162,19,000,36705,00000,00000,0,A,Iowa,269,269,268,266,Village,516,Other
Holstein,1504,162,19,000,36840,00000,00000,0,A,Iowa,1499,1497,1486,1475,Village,203,Other
Holy Cross,360,162,19,000,36885,00000,00000,0,A,Iowa,360,356,350,348,Village,470,Other
Hopkinton,622,162,19,000,37155,00000,00000,0,A,Iowa,621,626,624,624,Village,377,Other
Hornick,255,162,19,000,37200,00000,00000,0,A,Iowa,256,252,251,251,Village,526,Other
Hospers,719,162,19,000,37290,00000,00000,0,A,Iowa,720,714,711,706,Village,351,Other
Houghton,139,162,19,000,37335,00000,00000,0,A,Iowa,139,138,137,136,Village,613,Other
Hubbard,859,162,19,000,37425,00000,00000,0,A,Iowa,861,850,845,837,Village,306,Other
Hudson,2543,162,19,000,37470,00000,00000,0,A,Iowa,2543,2609,2626,2772,Village,135,Other
Hull,2378,162,19,000,37515,00000,00000,0,A,Iowa,2378,2415,2419,2432,Village,144,Other
Humboldt,4788,162,19,000,37560,00000,00000,0,A,Iowa,4788,4807,4726,4723,Village,89,Other
Humeston,466,162,19,000,37605,00000,00000,0,A,Iowa,465,468,465,470,Village,423,Other
Huxley,4313,162,19,000,37920,00000,00000,0,A,Iowa,4250,4479,4553,4634,Village,97,Other
Ida Grove,2058,162,19,000,38010,00000,00000,0,A,Iowa,2053,2038,2016,1990,Village,158,Other
Imogene,39,162,19,000,38055,00000,00000,0,A,Iowa,39,39,38,38,Village,692,Other
Independence,6089,162,19,000,38100,00000,00000,0,A,Iowa,6064,6168,6175,6188,Small Town,65,Other
Indianola,15861,162,19,000,38280,00000,00000,0,A,Iowa,15834,15942,16047,16043,Town,29,Other
Inwood,927,162,19,000,38415,00000,00000,0,A,Iowa,928,935,945,957,Village,283,Other
Ionia,228,162,19,000,38460,00000,00000,0,A,Iowa,228,225,221,219,Village,548,Other
Iowa City,74916,162,19,000,38595,00000,00000,0,A,Iowa,74825,75191,75835,75678,Medium City,5,Other
Iowa Falls,5087,162,19,000,38640,00000,00000,0,A,Iowa,5103,5042,5045,5002,Small Town,82,Other
Ireton,587,162,19,000,38820,00000,00000,0,A,Iowa,588,583,585,578,Village,386,Other
Irwin,322,162,19,000,39000,00000,00000,0,A,Iowa,323,320,318,320,Village,490,Other
Jackson Junction,37,162,19,000,39135,00000,00000,0,A,Iowa,37,37,40,39,Village,694,Other
Jamaica,194,162,19,000,39225,00000,00000,0,A,Iowa,194,194,195,196,Village,570,Other
Janesville,1041,162,19,000,39405,00000,00000,0,A,Iowa,1040,1046,1052,1051,Village,260,Other
Jefferson,4180,162,19,000,39450,00000,00000,0,A,Iowa,4182,4163,4157,4100,Village,100,Other
Jesup,2513,162,19,000,39585,00000,00000,0,A,Iowa,2510,2526,2521,2537,Village,136,Other
Jewell Junction,1208,162,19,000,39675,00000,00000,0,A,Iowa,1211,1195,1185,1183,Village,233,Other
Johnston,24111,162,19,000,39765,00000,00000,0,A,Iowa,24058,24248,24383,24640,Town,22,Other
Joice,210,162,19,000,39855,00000,00000,0,A,Iowa,210,208,204,204,Village,557,Other
Jolley,29,162,19,000,39900,00000,00000,0,A,Iowa,29,29,29,29,Village,700,Other
Kalona,2638,162,19,000,40170,00000,00000,0,A,Iowa,2635,2669,2707,2739,Village,132,Other
Kamrar,181,162,19,000,40215,00000,00000,0,A,Iowa,182,180,179,176,Village,581,Other
Kanawha,652,162,19,000,40260,00000,00000,0,A,Iowa,654,644,643,639,Village,368,Other
Kellerton,239,162,19,000,40350,00000,00000,0,A,Iowa,240,238,242,239,Village,538,Other
Kelley,305,162,19,000,40395,00000,00000,0,A,Iowa,305,313,311,308,Village,497,Other
Kellogg,601,162,19,000,40440,00000,00000,0,A,Iowa,602,597,596,596,Village,383,Other
Kensett,258,162,19,000,40665,00000,00000,0,A,Iowa,258,256,256,255,Village,525,Other
Keokuk,9885,162,19,000,40845,00000,00000,0,A,Iowa,9901,9776,9595,9513,Small Town,43,Other
Keomah Village,111,162,19,000,40890,00000,00000,0,A,Iowa,111,110,109,109,Village,633,Other
Keosauqua,935,162,19,000,40935,00000,00000,0,A,Iowa,933,940,943,945,Village,281,Other
Keota,894,162,19,000,40980,00000,00000,0,A,Iowa,896,886,887,893,Village,295,Other
Keswick,241,162,19,000,41070,00000,00000,0,A,Iowa,242,239,239,238,Village,537,Other
Keystone,602,162,19,000,41115,00000,00000,0,A,Iowa,603,608,605,621,Village,382,Other
Kimballton,291,162,19,000,41295,00000,00000,0,A,Iowa,291,289,284,282,Village,504,Other
Kingsley,1401,162,19,000,41385,00000,00000,0,A,Iowa,1404,1398,1396,1391,Village,212,Other
Kinross,78,162,19,000,41475,00000,00000,0,A,Iowa,78,77,77,77,Village,662,Other
Kirkman,58,162,19,000,41520,00000,00000,0,A,Iowa,58,58,57,60,Village,679,Other
Kirkville,156,162,19,000,41565,00000,00000,0,A,Iowa,156,155,157,157,Village,597,Other
Kiron,267,162,19,000,41610,00000,00000,0,A,Iowa,268,263,260,257,Village,518,Other
Klemme,438,162,19,000,41655,00000,00000,0,A,Iowa,440,433,432,430,Village,430,Other
Knierim,54,162,19,000,41790,00000,00000,0,A,Iowa,54,54,52,53,Village,681,Other
Knoxville,7570,162,19,000,42015,00000,00000,0,A,Iowa,7584,7471,7437,7432,Small Town,53,Other
Lacona,343,162,19,000,42285,00000,00000,0,A,Iowa,343,341,336,334,Village,481,Other
Ladora,229,162,19,000,42330,00000,00000,0,A,Iowa,229,227,226,224,Village,547,Other
Lake City,1720,162,19,000,42465,00000,00000,0,A,Iowa,1728,1716,1667,1670,Village,180,Other
Lake Mills,2138,162,19,000,42555,00000,00000,0,A,Iowa,2142,2138,2131,2115,Village,152,Other
Lake Park,1172,162,19,000,42600,00000,00000,0,A,Iowa,1169,1174,1178,1158,Village,238,Other
Lakeside,701,162,19,000,42645,00000,00000,0,A,Iowa,702,704,692,686,Village,358,Other
Lake View,1123,162,19,000,42690,00000,00000,0,A,Iowa,1124,1123,1123,1138,Village,247,Other
Lakota,267,162,19,000,42825,00000,00000,0,A,Iowa,268,262,262,261,Village,518,Other
Lambs Grove,170,162,19,000,42870,00000,00000,0,A,Iowa,170,169,169,169,Village,588,Other
Lamoni,1957,162,19,000,42960,00000,00000,0,A,Iowa,1964,1967,1979,1974,Village,167,Other
Lamont,432,162,19,000,43005,00000,00000,0,A,Iowa,431,432,433,432,Village,434,Other
La Motte,238,162,19,000,43050,00000,00000,0,A,Iowa,239,237,236,233,Village,539,Other
Lanesboro,118,162,19,000,43140,00000,00000,0,A,Iowa,118,118,116,114,Village,626,Other
Lansing,962,162,19,000,43275,00000,00000,0,A,Iowa,961,956,956,954,Village,275,Other
La Porte City,2283,162,19,000,43365,00000,00000,0,A,Iowa,2288,2265,2260,2259,Village,149,Other
Larchwood,926,162,19,000,43410,00000,00000,0,A,Iowa,927,934,939,950,Village,284,Other
Larrabee,123,162,19,000,43500,00000,00000,0,A,Iowa,123,122,121,123,Village,623,Other
Latimer,477,162,19,000,43590,00000,00000,0,A,Iowa,478,473,474,471,Village,418,Other
Laurel,219,162,19,000,43680,00000,00000,0,A,Iowa,219,219,219,219,Village,553,Other
Laurens,1262,162,19,000,43725,00000,00000,0,A,Iowa,1265,1259,1263,1249,Village,225,Other
Lawler,408,162,19,000,43815,00000,00000,0,A,Iowa,407,403,397,394,Village,444,Other
Lawton,944,162,19,000,43905,00000,00000,0,A,Iowa,946,934,929,938,Village,280,Other
Le Claire,4712,162,19,000,44085,00000,00000,0,A,Iowa,4714,4713,4726,4744,Village,90,Other
Ledyard,122,162,19,000,44130,00000,00000,0,A,Iowa,122,119,119,119,Village,624,Other
Le Grand,909,162,19,000,44220,00000,00000,0,A,Iowa,907,900,896,894,Village,291,Other
Lehigh,399,162,19,000,44265,00000,00000,0,A,Iowa,399,398,394,391,Village,447,Other
Leighton,155,162,19,000,44310,00000,00000,0,A,Iowa,155,153,153,150,Village,598,Other
Leland,250,162,19,000,44355,00000,00000,0,A,Iowa,250,250,249,245,Village,530,Other
Le Mars,10601,162,19,000,44400,00000,00000,0,A,Iowa,10578,10624,10623,10618,Town,37,Other
Lenox,1341,162,19,000,44490,00000,00000,0,A,Iowa,1348,1349,1357,1372,Village,219,Other
Leon,1811,162,19,000,44535,00000,00000,0,A,Iowa,1819,1824,1827,1817,Village,176,Other
Le Roy,12,162,19,000,44580,00000,00000,0,A,Iowa,12,12,12,12,Village,711,Other
Lester,296,162,19,000,44670,00000,00000,0,A,Iowa,296,300,304,309,Village,502,Other
Letts,361,162,19,000,44715,00000,00000,0,A,Iowa,362,360,358,354,Village,469,Other
Lewis,359,162,19,000,44805,00000,00000,0,A,Iowa,359,360,361,362,Village,471,Other
Libertyville,277,162,19,000,44985,00000,00000,0,A,Iowa,277,278,275,271,Village,509,Other
Lidderdale,166,162,19,000,45030,00000,00000,0,A,Iowa,166,165,163,163,Village,590,Other
Lime Springs,476,162,19,000,45165,00000,00000,0,A,Iowa,475,474,475,467,Village,419,Other
Lincoln,122,162,19,000,45255,00000,00000,0,A,Iowa,122,120,120,119,Village,624,Other
Linden,200,162,19,000,45390,00000,00000,0,A,Iowa,200,202,204,203,Village,566,Other
Lineville,192,162,19,000,45435,00000,00000,0,A,Iowa,192,193,192,192,Village,572,Other
Linn Grove,162,162,19,000,45480,00000,00000,0,A,Iowa,162,161,156,154,Village,593,Other
Lisbon,2232,162,19,000,45615,00000,00000,0,A,Iowa,2232,2220,2212,2208,Village,151,Other
Liscomb,292,162,19,000,45660,00000,00000,0,A,Iowa,292,291,291,291,Village,503,Other
Little Rock,438,162,19,000,45795,00000,00000,0,A,Iowa,439,441,442,444,Village,430,Other
Little Sioux,167,162,19,000,45840,00000,00000,0,A,Iowa,167,168,169,170,Village,589,Other
Livermore,381,162,19,000,45975,00000,00000,0,A,Iowa,381,382,377,375,Village,458,Other
Lockridge,243,162,19,000,46065,00000,00000,0,A,Iowa,243,246,244,240,Village,535,Other
Logan,1386,162,19,000,46155,00000,00000,0,A,Iowa,1388,1391,1367,1354,Village,215,Other
Lohrville,378,162,19,000,46245,00000,00000,0,A,Iowa,379,376,367,370,Village,461,Other
Lone Rock,147,162,19,000,46290,00000,00000,0,A,Iowa,147,144,143,143,Village,605,Other
Lone Tree,1350,162,19,000,46335,00000,00000,0,A,Iowa,1353,1354,1343,1336,Village,218,Other
Long Grove,838,162,19,000,46425,00000,00000,0,A,Iowa,840,841,841,844,Village,310,Other
Lorimor,385,162,19,000,46515,00000,00000,0,A,Iowa,385,383,376,376,Village,455,Other
Lost Nation,431,162,19,000,46605,00000,00000,0,A,Iowa,432,429,427,423,Village,435,Other
Lovilia,471,162,19,000,46830,00000,00000,0,A,Iowa,470,469,465,460,Village,422,Other
Lowden,800,162,19,000,46920,00000,00000,0,A,Iowa,801,794,787,778,Village,317,Other
Low Moor,246,162,19,000,47010,00000,00000,0,A,Iowa,246,246,242,241,Village,534,Other
Luana,301,162,19,000,47055,00000,00000,0,A,Iowa,301,301,307,304,Village,499,Other
Lucas,172,162,19,000,47100,00000,00000,0,A,Iowa,173,175,175,174,Village,587,Other
Luther,148,162,19,000,47280,00000,00000,0,A,Iowa,148,148,146,145,Village,604,Other
Lu Verne,254,162,19,000,47370,00000,00000,0,A,Iowa,254,249,248,248,Village,527,Other
Luxemburg,242,162,19,000,47460,00000,00000,0,A,Iowa,242,241,238,238,Village,536,Other
Luzerne,111,162,19,000,47505,00000,00000,0,A,Iowa,111,111,111,111,Village,633,Other
Lynnville,381,162,19,000,47595,00000,00000,0,A,Iowa,381,381,381,383,Village,458,Other
Lytton,280,162,19,000,47730,00000,00000,0,A,Iowa,280,279,274,274,Village,507,Other
McCallsburg,351,162,19,000,47775,00000,00000,0,A,Iowa,351,355,354,354,Village,475,Other
McCausland,310,162,19,000,47820,00000,00000,0,A,Iowa,311,311,311,311,Village,494,Other
McClelland,147,162,19,000,47865,00000,00000,0,A,Iowa,147,146,145,145,Village,605,Other
Macedonia,267,162,19,000,47955,00000,00000,0,A,Iowa,267,265,263,263,Village,518,Other
McGregor,735,162,19,000,48000,00000,00000,0,A,Iowa,736,736,733,725,Village,342,Other
McIntire,113,162,19,000,48045,00000,00000,0,A,Iowa,113,114,115,116,Village,631,Other
Macksburg,97,162,19,000,48180,00000,00000,0,A,Iowa,97,98,101,101,Village,645,Other
Madrid,2801,162,19,000,48450,00000,00000,0,A,Iowa,2804,2821,2810,2799,Village,127,Other
Magnolia,187,162,19,000,48495,00000,00000,0,A,Iowa,187,190,190,188,Village,575,Other
Maharishi Vedic City,272,162,19,000,48500,00000,00000,0,A,Iowa,272,273,301,296,Village,513,Other
Malcom,267,162,19,000,48540,00000,00000,0,A,Iowa,268,266,263,261,Village,518,Other
Mallard,263,162,19,000,48585,00000,00000,0,A,Iowa,263,261,255,255,Village,522,Other
Maloy,26,162,19,000,48675,00000,00000,0,A,Iowa,26,26,26,26,Village,703,Other
Malvern,1034,162,19,000,48720,00000,00000,0,A,Iowa,1040,1037,1039,1051,Village,262,Other
Manchester,5074,162,19,000,48810,00000,00000,0,A,Iowa,5074,5128,5201,5239,Small Town,83,Other
Manilla,769,162,19,000,48855,00000,00000,0,A,Iowa,773,758,750,742,Village,327,Other
Manly,1256,162,19,000,48900,00000,00000,0,A,Iowa,1259,1245,1234,1231,Village,228,Other
Manning,1451,162,19,000,48945,00000,00000,0,A,Iowa,1454,1453,1420,1416,Village,208,Other
Manson,1702,162,19,000,48990,00000,00000,0,A,Iowa,1708,1693,1665,1656,Village,181,Other
Mapleton,1161,162,19,000,49170,00000,00000,0,A,Iowa,1163,1144,1129,1124,Village,241,Other
Maquoketa,6119,162,19,000,49215,00000,00000,0,A,Iowa,6130,6097,6066,6051,Small Town,64,Other
Marathon,232,162,19,000,49260,00000,00000,0,A,Iowa,232,231,224,221,Village,544,Other
Marble Rock,268,162,19,000,49305,00000,00000,0,A,Iowa,268,265,262,262,Village,517,Other
Marcus,1074,162,19,000,49350,00000,00000,0,A,Iowa,1074,1063,1052,1060,Village,254,Other
Marengo,2438,162,19,000,49395,00000,00000,0,A,Iowa,2438,2429,2420,2404,Village,142,Other
Marion,41599,162,19,000,49485,00000,00000,0,A,Iowa,41536,41745,41815,42213,Small City,13,Other
Marne,109,162,19,000,49575,00000,00000,0,A,Iowa,109,109,109,111,Village,635,Other
Marquette,428,162,19,000,49620,00000,00000,0,A,Iowa,429,428,432,432,Village,436,Other
Marshalltown,27569,162,19,000,49755,00000,00000,0,A,Iowa,27584,27446,27396,27574,Small City,16,Other
Martelle,249,162,19,000,49845,00000,00000,0,A,Iowa,249,251,249,247,Village,531,Other
Martensdale,422,162,19,000,49890,00000,00000,0,A,Iowa,420,417,414,411,Village,439,Other
Martinsburg,110,162,19,000,49935,00000,00000,0,A,Iowa,110,109,109,109,Village,634,Other
Marysville,46,162,19,000,50070,00000,00000,0,A,Iowa,46,45,47,47,Village,686,Other
Mason City,27269,162,19,000,50160,00000,00000,0,A,Iowa,27340,27165,26911,26906,Small City,17,Other
Masonville,99,162,19,000,50205,00000,00000,0,A,Iowa,99,99,99,99,Village,643,Other
Massena,356,162,19,000,50250,00000,00000,0,A,Iowa,356,355,355,355,Village,473,Other
Matlock,76,162,19,000,50385,00000,00000,0,A,Iowa,76,75,77,77,Village,664,Other
Maurice,268,162,19,000,50430,00000,00000,0,A,Iowa,268,268,267,272,Village,517,Other
Maxwell,859,162,19,000,50520,00000,00000,0,A,Iowa,858,864,855,854,Village,306,Other
Maynard,473,162,19,000,50610,00000,00000,0,A,Iowa,475,469,470,468,Village,420,Other
Maysville,157,162,19,000,50655,00000,00000,0,A,Iowa,157,155,155,154,Village,596,Other
Mechanicsville,1018,162,19,000,50700,00000,00000,0,A,Iowa,1019,1011,998,992,Village,265,Other
Mediapolis,1686,162,19,000,50790,00000,00000,0,A,Iowa,1690,1671,1646,1664,Village,186,Other
Melbourne,788,162,19,000,50880,00000,00000,0,A,Iowa,788,778,770,768,Village,322,Other
Melcher-Dallas,1196,162,19,000,50935,00000,00000,0,A,Iowa,1198,1180,1181,1184,Village,235,Other
Melrose,112,162,19,000,50970,00000,00000,0,A,Iowa,111,111,110,111,Village,632,Other
Melvin,202,162,19,000,51060,00000,00000,0,A,Iowa,202,202,199,196,Village,564,Other
Menlo,343,162,19,000,51105,00000,00000,0,A,Iowa,344,341,340,343,Village,481,Other
Meriden,163,162,19,000,51150,00000,00000,0,A,Iowa,163,161,161,162,Village,592,Other
Merrill,717,162,19,000,51375,00000,00000,0,A,Iowa,719,716,714,710,Village,352,Other
Meservey,219,162,19,000,51420,00000,00000,0,A,Iowa,220,216,214,212,Village,553,Other
Middletown,363,162,19,000,51735,00000,00000,0,A,Iowa,364,362,362,364,Village,468,Other
Miles,409,162,19,000,52050,00000,00000,0,A,Iowa,410,405,403,402,Village,443,Other
Milford,3335,162,19,000,52095,00000,00000,0,A,Iowa,3324,3353,3356,3309,Village,116,Other
Millersburg,136,162,19,000,52230,00000,00000,0,A,Iowa,136,137,136,137,Village,614,Other
Millerton,43,162,19,000,52275,00000,00000,0,A,Iowa,43,43,43,43,Village,689,Other
Milo,777,162,19,000,52455,00000,00000,0,A,Iowa,777,771,768,761,Village,324,Other
Milton,392,162,19,000,52500,00000,00000,0,A,Iowa,391,396,396,397,Village,452,Other
Minburn,326,162,19,000,52545,00000,00000,0,A,Iowa,325,325,321,317,Village,488,Other
Minden,602,162,19,000,52590,00000,00000,0,A,Iowa,602,598,592,591,Village,382,Other
Mingo,303,162,19,000,52815,00000,00000,0,A,Iowa,303,306,308,313,Village,498,Other
Missouri Valley,2677,162,19,000,52860,00000,00000,0,A,Iowa,2683,2690,2678,2656,Village,130,Other
Mitchell,123,162,19,000,52905,00000,00000,0,A,Iowa,123,121,119,118,Village,623,Other
Mitchellville,2485,162,19,000,52950,00000,00000,0,A,Iowa,2483,2507,2536,2617,Village,139,Other
Modale,274,162,19,000,52995,00000,00000,0,A,Iowa,275,280,282,280,Village,511,Other
Mondamin,337,162,19,000,53175,00000,00000,0,A,Iowa,338,339,339,337,Village,485,Other
Monmouth,129,162,19,000,53265,00000,00000,0,A,Iowa,129,128,127,129,Village,619,Other
Monona,1471,162,19,000,53310,00000,00000,0,A,Iowa,1473,1469,1467,1465,Village,207,Other
Monroe,1968,162,19,000,53355,00000,00000,0,A,Iowa,1965,2003,2011,2010,Village,166,Other
Montezuma,1444,162,19,000,53490,00000,00000,0,A,Iowa,1447,1445,1440,1432,Village,209,Other
Monticello,4046,162,19,000,53625,00000,00000,0,A,Iowa,4043,4075,4078,4056,Village,103,Other
Montour,201,162,19,000,53670,00000,00000,0,A,Iowa,202,201,199,198,Village,565,Other
Montrose,745,162,19,000,53760,00000,00000,0,A,Iowa,745,740,732,727,Village,339,Other
Moorhead,197,162,19,000,53850,00000,00000,0,A,Iowa,197,193,189,189,Village,569,Other
Moorland,170,162,19,000,53895,00000,00000,0,A,Iowa,170,174,171,167,Village,588,Other
Moravia,637,162,19,000,53985,00000,00000,0,A,Iowa,639,638,627,626,Village,372,Other
Morley,94,162,19,000,54030,00000,00000,0,A,Iowa,94,95,95,94,Village,648,Other
Morning Sun,746,162,19,000,54120,00000,00000,0,A,Iowa,748,738,726,693,Village,338,Other
Morrison,95,162,19,000,54165,00000,00000,0,A,Iowa,95,95,95,97,Village,647,Other
Moulton,608,162,19,000,54390,00000,00000,0,A,Iowa,609,608,600,599,Village,380,Other
Mount Auburn,163,162,19,000,54435,00000,00000,0,A,Iowa,163,164,163,163,Village,592,Other
Mount Ayr,1619,162,19,000,54480,00000,00000,0,A,Iowa,1626,1619,1637,1626,Village,190,Other
Mount Pleasant,9255,162,19,000,54705,00000,00000,0,A,Iowa,9273,9211,9178,8581,Small Town,46,Other
Mount Vernon,4542,162,19,000,54840,00000,00000,0,A,Iowa,4536,4517,4557,4552,Village,94,Other
Moville,1692,162,19,000,54930,00000,00000,0,A,Iowa,1688,1670,1670,1690,Village,183,Other
Murray,677,162,19,000,55065,00000,00000,0,A,Iowa,682,663,641,624,Village,365,Other
Muscatine,23745,162,19,000,55110,00000,00000,0,A,Iowa,23799,23480,23436,23341,Town,24,Other
Mystic,325,162,19,000,55200,00000,00000,0,A,Iowa,326,326,322,321,Village,489,Other
Nashua,1549,162,19,000,55335,00000,00000,0,A,Iowa,1554,1534,1510,1503,Village,199,Other
Nemaha,67,162,19,000,55515,00000,00000,0,A,Iowa,67,67,66,66,Village,672,Other
Neola,914,162,19,000,55560,00000,00000,0,A,Iowa,915,911,908,906,Village,290,Other
Nevada,6921,162,19,000,55695,00000,00000,0,A,Iowa,6926,6989,6942,6967,Small Town,59,Other
New Albin,434,162,19,000,55785,00000,00000,0,A,Iowa,434,429,427,431,Village,432,Other
Newell,904,162,19,000,55965,00000,00000,0,A,Iowa,905,904,857,847,Village,293,Other
Newhall,879,162,19,000,56055,00000,00000,0,A,Iowa,881,883,883,888,Village,300,Other
New Hampton,3491,162,19,000,56100,00000,00000,0,A,Iowa,3497,3460,3424,3422,Village,112,Other
New Hartford,571,162,19,000,56145,00000,00000,0,A,Iowa,571,570,562,556,Village,391,Other
New Liberty,133,162,19,000,56280,00000,00000,0,A,Iowa,133,134,133,133,Village,616,Other
New London,1911,162,19,000,56325,00000,00000,0,A,Iowa,1913,1907,1890,1870,Village,170,Other
New Market,384,162,19,000,56370,00000,00000,0,A,Iowa,386,382,383,387,Village,456,Other
New Providence,235,162,19,000,56415,00000,00000,0,A,Iowa,236,233,234,230,Village,542,Other
New Sharon,1258,162,19,000,56460,00000,00000,0,A,Iowa,1260,1253,1252,1247,Village,227,Other
Newton,15748,162,19,000,56505,00000,00000,0,A,Iowa,15756,15686,15734,15645,Town,30,Other
New Vienna,383,162,19,000,56550,00000,00000,0,A,Iowa,384,379,376,380,Village,457,Other
New Virginia,499,162,19,000,56595,00000,00000,0,A,Iowa,499,500,494,493,Village,411,Other
Nichols,338,162,19,000,56685,00000,00000,0,A,Iowa,339,336,329,328,Village,484,Other
Nodaway,77,162,19,000,56865,00000,00000,0,A,Iowa,77,75,75,73,Village,663,Other
Nora Springs,1364,162,19,000,56910,00000,00000,0,A,Iowa,1367,1350,1345,1348,Village,216,Other
Northboro,53,162,19,000,57045,00000,00000,0,A,Iowa,53,53,53,52,Village,682,Other
North Buena Vista,106,162,19,000,57135,00000,00000,0,A,Iowa,106,107,108,108,Village,637,Other
North English,1066,162,19,000,57225,00000,00000,0,A,Iowa,1067,1057,1043,1035,Village,257,Other
North Liberty,20500,162,19,000,57360,00000,00000,0,A,Iowa,20482,20801,21324,21345,Town,26,Other
North Washington,112,162,19,000,57495,00000,00000,0,A,Iowa,112,111,109,108,Village,632,Other
Northwood,2070,162,19,000,57630,00000,00000,0,A,Iowa,2072,2061,2049,2048,Village,155,Other
Norwalk,12919,162,19,000,57675,00000,00000,0,A,Iowa,12800,13580,14169,14873,Town,32,Other
Norway,463,162,19,000,57720,00000,00000,0,A,Iowa,464,466,465,465,Village,424,Other
Numa,71,162,19,000,57945,00000,00000,0,A,Iowa,71,71,70,70,Village,669,Other
Oakland,1522,162,19,000,58080,00000,00000,0,A,Iowa,1523,1512,1513,1518,Village,202,Other
Oakland Acres,175,162,19,000,58170,00000,00000,0,A,Iowa,175,177,176,177,Village,586,Other
Oakville,199,162,19,000,58395,00000,00000,0,A,Iowa,199,196,194,192,Village,567,Other
Ocheyedan,438,162,19,000,58530,00000,00000,0,A,Iowa,437,436,428,421,Village,430,Other
Odebolt,995,162,19,000,58575,00000,00000,0,A,Iowa,997,992,983,985,Village,267,Other
Oelwein,5906,162,19,000,58620,00000,00000,0,A,Iowa,5928,5849,5828,5791,Small Town,67,Other
Ogden,2008,162,19,000,58665,00000,00000,0,A,Iowa,2010,2004,1975,1963,Village,164,Other
Okoboji,766,162,19,000,58710,00000,00000,0,A,Iowa,764,764,755,737,Village,329,Other
Olds,191,162,19,000,58890,00000,00000,0,A,Iowa,192,192,190,187,Village,573,Other
Olin,656,162,19,000,58980,00000,00000,0,A,Iowa,656,659,658,655,Village,367,Other
Ollie,200,162,19,000,59070,00000,00000,0,A,Iowa,200,198,198,198,Village,566,Other
Onawa,2906,162,19,000,59115,00000,00000,0,A,Iowa,2910,2860,2824,2816,Village,123,Other
Onslow,198,162,19,000,59250,00000,00000,0,A,Iowa,198,200,199,196,Village,568,Other
Orange City,6277,162,19,000,59475,00000,00000,0,A,Iowa,6271,6275,6305,6397,Small Town,62,Other
Orchard,66,162,19,000,59520,00000,00000,0,A,Iowa,66,67,66,67,Village,673,Other
Orient,364,162,19,000,59565,00000,00000,0,A,Iowa,364,365,361,356,Village,467,Other
Orleans,520,162,19,000,59655,00000,00000,0,A,Iowa,520,520,517,508,Village,403,Other
Osage,3635,162,19,000,59745,00000,00000,0,A,Iowa,3632,3591,3558,3537,Village,110,Other
Osceola,5423,162,19,000,59835,00000,00000,0,A,Iowa,5412,5515,5536,5568,Small Town,76,Other
Oskaloosa,11537,162,19,000,59925,00000,00000,0,A,Iowa,11547,11468,11489,11448,Town,34,Other
Ossian,803,162,19,000,59970,00000,00000,0,A,Iowa,804,793,786,783,Village,316,Other
Osterdock,44,162,19,000,60015,00000,00000,0,A,Iowa,44,44,44,43,Village,688,Other
Otho,425,162,19,000,60105,00000,00000,0,A,Iowa,425,424,416,411,Village,438,Other
Oto,71,162,19,000,60240,00000,00000,0,A,Iowa,71,70,69,69,Village,669,Other
Ottosen,41,162,19,000,60420,00000,00000,0,A,Iowa,41,41,41,41,Village,690,Other
Ottumwa,25455,162,19,000,60465,00000,00000,0,A,Iowa,25543,25396,25214,25252,Small City,18,Other
Owasa,31,162,19,000,60555,00000,00000,0,A,Iowa,31,31,30,30,Village,698,Other
Oxford,716,162,19,000,60645,00000,00000,0,A,Iowa,718,720,716,710,Village,353,Other
Oxford Junction,427,162,19,000,60690,00000,00000,0,A,Iowa,427,429,428,424,Village,437,Other
Oyens,95,162,19,000,60780,00000,00000,0,A,Iowa,95,95,94,94,Village,647,Other
Pacific Junction,99,162,19,000,60825,00000,00000,0,A,Iowa,100,100,100,101,Village,643,Other
Packwood,184,162,19,000,60915,00000,00000,0,A,Iowa,184,185,183,180,Village,578,Other
Palmer,139,162,19,000,61050,00000,00000,0,A,Iowa,139,138,138,136,Village,613,Other
Palo,1409,162,19,000,61230,00000,00000,0,A,Iowa,1411,1404,1414,1505,Village,211,Other
Panama,237,162,19,000,61275,00000,00000,0,A,Iowa,238,237,235,237,Village,540,Other
Panora,1086,162,19,000,61320,00000,00000,0,A,Iowa,1088,1076,1084,1083,Village,252,Other
Panorama Park,141,162,19,000,61365,00000,00000,0,A,Iowa,141,140,141,141,Village,611,Other
Parkersburg,2014,162,19,000,61590,00000,00000,0,A,Iowa,2015,2010,1999,1983,Village,163,Other
Parnell,193,162,19,000,61770,00000,00000,0,A,Iowa,193,194,193,189,Village,571,Other
Paton,221,162,19,000,61815,00000,00000,0,A,Iowa,221,221,221,218,Village,552,Other
Patterson,175,162,19,000,61860,00000,00000,0,A,Iowa,175,175,177,175,Village,586,Other
Paullina,976,162,19,000,61905,00000,00000,0,A,Iowa,979,967,969,968,Village,270,Other
Pella,10467,162,19,000,62040,00000,00000,0,A,Iowa,10459,10639,10760,10820,Town,38,Other
Peosta,1930,162,19,000,62130,00000,00000,0,A,Iowa,1915,1978,2062,2122,Village,168,Other
Perry,7872,162,19,000,62355,00000,00000,0,A,Iowa,7843,7949,8017,7984,Small Town,49,Other
Persia,296,162,19,000,62445,00000,00000,0,A,Iowa,297,298,296,293,Village,502,Other
Peterson,319,162,19,000,62625,00000,00000,0,A,Iowa,321,321,320,319,Village,491,Other
Pierson,339,162,19,000,62760,00000,00000,0,A,Iowa,340,335,331,331,Village,483,Other
Pilot Mound,161,162,19,000,62850,00000,00000,0,A,Iowa,161,159,157,158,Village,594,Other
Pisgah,242,162,19,000,63075,00000,00000,0,A,Iowa,242,245,247,245,Village,536,Other
Plainfield,394,162,19,000,63210,00000,00000,0,A,Iowa,394,394,395,394,Village,450,Other
Plano,59,162,19,000,63345,00000,00000,0,A,Iowa,59,59,58,58,Village,678,Other
Pleasant Hill,10192,162,19,000,63525,00000,00000,0,A,Iowa,10179,10895,11201,11617,Town,42,Other
Pleasanton,30,162,19,000,63570,00000,00000,0,A,Iowa,30,30,30,30,Village,699,Other
Pleasant Plain,82,162,19,000,63615,00000,00000,0,A,Iowa,82,82,81,80,Village,659,Other
Pleasantville,1689,162,19,000,63750,00000,00000,0,A,Iowa,1683,1683,1687,1690,Village,184,Other
Plover,53,162,19,000,63840,00000,00000,0,A,Iowa,53,53,53,53,Village,682,Other
Plymouth,381,162,19,000,63885,00000,00000,0,A,Iowa,382,376,370,369,Village,458,Other
Pocahontas,1868,162,19,000,63975,00000,00000,0,A,Iowa,1870,1862,1868,1842,Village,173,Other
Polk City,5599,162,19,000,64020,00000,00000,0,A,Iowa,5552,5771,6051,6303,Small Town,69,Other
Pomeroy,528,162,19,000,64065,00000,00000,0,A,Iowa,530,525,516,520,Village,400,Other
Popejoy,78,162,19,000,64110,00000,00000,0,A,Iowa,78,78,78,77,Village,662,Other
Portsmouth,186,162,19,000,64200,00000,00000,0,A,Iowa,187,187,187,189,Village,576,Other
Postville,2503,162,19,000,64290,00000,00000,0,A,Iowa,2507,2476,2459,2415,Village,138,Other
Prairieburg,157,162,19,000,64425,00000,00000,0,A,Iowa,157,155,156,155,Village,596,Other
Prairie City,1696,162,19,000,64470,00000,00000,0,A,Iowa,1695,1707,1710,1712,Village,182,Other
Prescott,190,162,19,000,64560,00000,00000,0,A,Iowa,190,188,186,183,Village,574,Other
Preston,947,162,19,000,64605,00000,00000,0,A,Iowa,949,942,940,938,Village,279,Other
Primghar,902,162,19,000,64650,00000,00000,0,A,Iowa,904,896,902,884,Village,294,Other
Princeton,925,162,19,000,64740,00000,00000,0,A,Iowa,925,919,916,916,Village,285,Other
Promise City,90,162,19,000,64875,00000,00000,0,A,Iowa,90,91,90,91,Village,651,Other
Protivin,265,162,19,000,65010,00000,00000,0,A,Iowa,264,265,263,260,Village,520,Other
Pulaski,262,162,19,000,65055,00000,00000,0,A,Iowa,262,263,260,261,Village,523,Other
Quasqueton,576,162,19,000,65235,00000,00000,0,A,Iowa,575,580,586,591,Village,389,Other
Quimby,247,162,19,000,65280,00000,00000,0,A,Iowa,247,244,243,246,Village,533,Other
Radcliffe,555,162,19,000,65370,00000,00000,0,A,Iowa,557,549,545,540,Village,393,Other
Rake,186,162,19,000,65415,00000,00000,0,A,Iowa,186,186,185,182,Village,576,Other
Ralston,79,162,19,000,65505,00000,00000,0,A,Iowa,79,79,78,77,Village,661,Other
Randalia,51,162,19,000,65550,00000,00000,0,A,Iowa,51,50,50,50,Village,683,Other
Randall,156,162,19,000,65595,00000,00000,0,A,Iowa,154,154,155,154,Village,597,Other
Randolph,187,162,19,000,65640,00000,00000,0,A,Iowa,188,187,184,181,Village,575,Other
Rathbun,40,162,19,000,65730,00000,00000,0,A,Iowa,40,40,39,39,Village,691,Other
Raymond,758,162,19,000,65820,00000,00000,0,A,Iowa,760,751,747,748,Village,334,Other
Readlyn,850,162,19,000,65910,00000,00000,0,A,Iowa,849,854,858,860,Village,307,Other
Reasnor,155,162,19,000,65955,00000,00000,0,A,Iowa,155,157,156,156,Village,598,Other
Redding,63,162,19,000,66000,00000,00000,0,A,Iowa,64,64,65,64,Village,675,Other
Redfield,731,162,19,000,66045,00000,00000,0,A,Iowa,730,735,731,719,Village,345,Other
Red Oak,5595,162,19,000,66135,00000,00000,0,A,Iowa,5595,5580,5506,5461,Small Town,70,Other
Reinbeck,1665,162,19,000,66315,00000,00000,0,A,Iowa,1667,1662,1656,1665,Village,188,Other
Rembrandt,211,162,19,000,66360,00000,00000,0,A,Iowa,211,210,205,201,Village,556,Other
Remsen,1674,162,19,000,66405,00000,00000,0,A,Iowa,1678,1669,1677,1682,Village,187,Other
Renwick,232,162,19,000,66450,00000,00000,0,A,Iowa,232,232,231,228,Village,544,Other
Rhodes,271,162,19,000,66540,00000,00000,0,A,Iowa,271,270,270,270,Village,514,Other
Riceville,809,162,19,000,66585,00000,00000,0,A,Iowa,806,803,812,804,Village,315,Other
Richland,539,162,19,000,66720,00000,00000,0,A,Iowa,540,534,533,540,Village,396,Other
Rickardsville,206,162,19,000,66810,00000,00000,0,A,Iowa,206,206,203,203,Village,561,Other
Ricketts,109,162,19,000,66855,00000,00000,0,A,Iowa,109,107,106,105,Village,635,Other
Ridgeway,276,162,19,000,67035,00000,00000,0,A,Iowa,276,270,268,265,Village,510,Other
Rinard,36,162,19,000,67125,00000,00000,0,A,Iowa,36,36,35,35,Village,695,Other
Ringsted,364,162,19,000,67170,00000,00000,0,A,Iowa,366,362,353,354,Village,467,Other
Rippey,221,162,19,000,67215,00000,00000,0,A,Iowa,221,219,219,214,Village,552,Other
Riverdale,376,162,19,000,67350,00000,00000,0,A,Iowa,377,376,376,377,Village,463,Other
Riverside,1060,162,19,000,67440,00000,00000,0,A,Iowa,1062,1055,1050,1046,Village,258,Other
Riverton,247,162,19,000,67575,00000,00000,0,A,Iowa,248,249,244,241,Village,533,Other
Robins,3367,162,19,000,67800,00000,00000,0,A,Iowa,3363,3343,3332,3312,Village,113,Other
Rock Falls,149,162,19,000,68025,00000,00000,0,A,Iowa,149,147,145,145,Village,603,Other
Rockford,762,162,19,000,68070,00000,00000,0,A,Iowa,763,752,744,741,Village,330,Other
Rock Rapids,2609,162,19,000,68160,00000,00000,0,A,Iowa,2610,2640,2675,2706,Village,133,Other
Rock Valley,4067,162,19,000,68205,00000,00000,0,A,Iowa,4060,4084,4073,4045,Village,102,Other
Rockwell,1069,162,19,000,68250,00000,00000,0,A,Iowa,1072,1057,1050,1044,Village,255,Other
Rockwell City,2253,162,19,000,68295,00000,00000,0,A,Iowa,2261,2246,2188,2195,Village,150,Other
Rodman,30,162,19,000,68340,00000,00000,0,A,Iowa,30,30,29,29,Village,699,Other
Rodney,45,162,19,000,68385,00000,00000,0,A,Iowa,45,44,44,43,Village,687,Other
Roland,1359,162,19,000,68475,00000,00000,0,A,Iowa,1361,1368,1356,1354,Village,217,Other
Rolfe,511,162,19,000,68520,00000,00000,0,A,Iowa,511,508,511,503,Village,405,Other
Rome,114,162,19,000,68565,00000,00000,0,A,Iowa,114,113,114,112,Village,630,Other
Rose Hill,160,162,19,000,68700,00000,00000,0,A,Iowa,160,158,158,157,Village,595,Other
Rossie,47,162,19,000,68925,00000,00000,0,A,Iowa,47,47,47,47,Village,685,Other
Rowan,122,162,19,000,69015,00000,00000,0,A,Iowa,122,120,119,119,Village,624,Other
Rowley,269,162,19,000,69060,00000,00000,0,A,Iowa,269,269,269,266,Village,516,Other
Royal,380,162,19,000,69105,00000,00000,0,A,Iowa,382,380,381,380,Village,459,Other
Rudd,357,162,19,000,69195,00000,00000,0,A,Iowa,358,352,349,348,Village,472,Other
Runnells,455,162,19,000,69240,00000,00000,0,A,Iowa,456,453,449,451,Village,426,Other
Russell,472,162,19,000,69285,00000,00000,0,A,Iowa,473,477,475,474,Village,421,Other
Ruthven,728,162,19,000,69330,00000,00000,0,A,Iowa,728,722,708,712,Village,346,Other
Rutland,117,162,19,000,69375,00000,00000,0,A,Iowa,117,117,116,116,Village,627,Other
Ryan,347,162,19,000,69465,00000,00000,0,A,Iowa,348,350,347,346,Village,479,Other
Sabula,501,162,19,000,69510,00000,00000,0,A,Iowa,502,499,494,493,Village,410,Other
Sac City,2056,162,19,000,69645,00000,00000,0,A,Iowa,2062,2048,2024,2019,Village,159,Other
Sageville,96,162,19,000,69690,00000,00000,0,A,Iowa,96,95,94,93,Village,646,Other
St. Ansgar,1170,162,19,000,69735,00000,00000,0,A,Iowa,1169,1174,1174,1160,Village,239,Other
St. Anthony,76,162,19,000,69780,00000,00000,0,A,Iowa,76,75,76,76,Village,664,Other
St. Charles,646,162,19,000,69915,00000,00000,0,A,Iowa,642,648,650,643,Village,369,Other
St. Donatus,121,162,19,000,69960,00000,00000,0,A,Iowa,121,120,120,119,Village,625,Other
St. Lucas,167,162,19,000,70050,00000,00000,0,A,Iowa,168,166,165,167,Village,589,Other
St. Marys,117,162,19,000,70095,00000,00000,0,A,Iowa,117,116,115,114,Village,627,Other
St. Olaf,103,162,19,000,70140,00000,00000,0,A,Iowa,103,103,103,102,Village,640,Other
St. Paul,108,162,19,000,70185,00000,00000,0,A,Iowa,108,107,106,105,Village,636,Other
Salem,397,162,19,000,70230,00000,00000,0,A,Iowa,398,395,390,386,Village,448,Other
Salix,300,162,19,000,70320,00000,00000,0,A,Iowa,301,298,299,299,Village,500,Other
Sanborn,1396,162,19,000,70410,00000,00000,0,A,Iowa,1393,1403,1422,1444,Village,214,Other
Sandyville,58,162,19,000,70590,00000,00000,0,A,Iowa,58,58,59,59,Village,679,Other
Scarville,79,162,19,000,71040,00000,00000,0,A,Iowa,79,79,79,78,Village,661,Other
Schaller,727,162,19,000,71085,00000,00000,0,A,Iowa,729,723,720,717,Village,347,Other
Schleswig,830,162,19,000,71130,00000,00000,0,A,Iowa,832,815,808,803,Village,312,Other
Scranton,507,162,19,000,71310,00000,00000,0,A,Iowa,508,503,501,492,Village,407,Other
Searsboro,129,162,19,000,71355,00000,00000,0,A,Iowa,129,128,128,127,Village,619,Other
Sergeant Bluff,5009,162,19,000,71625,00000,00000,0,A,Iowa,5014,5004,5247,5274,Small Town,85,Other
Seymour,636,162,19,000,71760,00000,00000,0,A,Iowa,635,639,633,639,Village,373,Other
Shambaugh,162,162,19,000,71895,00000,00000,0,A,Iowa,162,162,163,161,Village,593,Other
Shannon City,73,162,19,000,71940,00000,00000,0,A,Iowa,73,72,72,72,Village,667,Other
Sharpsburg,70,162,19,000,72075,00000,00000,0,A,Iowa,70,70,70,70,Village,670,Other
Sheffield,1124,162,19,000,72210,00000,00000,0,A,Iowa,1126,1118,1116,1107,Village,246,Other
Shelby,722,162,19,000,72300,00000,00000,0,A,Iowa,725,725,722,728,Village,350,Other
Sheldahl,299,162,19,000,72345,00000,00000,0,A,Iowa,300,304,305,311,Village,501,Other
Sheldon,5500,162,19,000,72390,00000,00000,0,A,Iowa,5511,5469,5484,5422,Small Town,72,Other
Shell Rock,1268,162,19,000,72435,00000,00000,0,A,Iowa,1267,1280,1277,1272,Village,223,Other
Shellsburg,962,162,19,000,72480,00000,00000,0,A,Iowa,962,976,982,989,Village,275,Other
Shenandoah,4919,162,19,000,72525,00000,00000,0,A,Iowa,4926,4923,4889,4884,Village,87,Other
Sherrill,183,162,19,000,72660,00000,00000,0,A,Iowa,183,181,178,176,Village,579,Other
Shueyville,732,162,19,000,72840,00000,00000,0,A,Iowa,734,735,731,723,Village,344,Other
Sibley,2857,162,19,000,72975,00000,00000,0,A,Iowa,2854,2845,2801,2761,Village,124,Other
Sidney,1060,162,19,000,73065,00000,00000,0,A,Iowa,1065,1058,1042,1039,Village,258,Other
Sigourney,2000,162,19,000,73110,00000,00000,0,A,Iowa,2006,1984,1980,1985,Village,165,Other
Silver City,241,162,19,000,73155,00000,00000,0,A,Iowa,242,244,245,246,Village,537,Other
Sioux Center,8249,162,19,000,73290,00000,00000,0,A,Iowa,8238,8319,8473,8543,Small Town,48,Other
Sioux City,85776,162,19,000,73335,00000,00000,0,A,Iowa,85784,85784,85402,85727,Medium City,4,Other
Sioux Rapids,747,162,19,000,73425,00000,00000,0,A,Iowa,748,745,727,718,Village,337,Other
Slater,1541,162,19,000,73515,00000,00000,0,A,Iowa,1541,1568,1581,1600,Village,200,Other
Sloan,1049,162,19,000,73605,00000,00000,0,A,Iowa,1046,1044,1047,1058,Village,259,Other
Smithland,187,162,19,000,73650,00000,00000,0,A,Iowa,187,184,183,183,Village,575,Other
Soldier,185,162,19,000,73785,00000,00000,0,A,Iowa,185,181,179,180,Village,577,Other
Solon,3039,162,19,000,73875,00000,00000,0,A,Iowa,3026,3096,3134,3182,Village,121,Other
Somers,127,162,19,000,73920,00000,00000,0,A,Iowa,128,127,125,123,Village,621,Other
South English,203,162,19,000,74055,00000,00000,0,A,Iowa,203,201,199,199,Village,563,Other
Spencer,11303,162,19,000,74280,00000,00000,0,A,Iowa,11322,11399,11442,11451,Town,35,Other
Spillville,385,162,19,000,74370,00000,00000,0,A,Iowa,386,380,375,372,Village,455,Other
Spirit Lake,5462,162,19,000,74415,00000,00000,0,A,Iowa,5440,5488,5527,5533,Small Town,74,Other
Spragueville,91,162,19,000,74460,00000,00000,0,A,Iowa,91,90,90,90,Village,650,Other
Springbrook,143,162,19,000,74505,00000,00000,0,A,Iowa,143,146,146,145,Village,609,Other
Spring Hill,67,162,19,000,74685,00000,00000,0,A,Iowa,67,69,68,68,Village,672,Other
Springville,1162,162,19,000,74775,00000,00000,0,A,Iowa,1161,1158,1152,1148,Village,240,Other
Stacyville,456,162,19,000,74820,00000,00000,0,A,Iowa,456,450,442,437,Village,425,Other
Stanhope,363,162,19,000,74910,00000,00000,0,A,Iowa,364,358,355,353,Village,468,Other
Stanley,85,162,19,000,74955,00000,00000,0,A,Iowa,85,85,85,85,Village,656,Other
Stanton,677,162,19,000,75000,00000,00000,0,A,Iowa,677,678,678,676,Village,365,Other
Stanwood,639,162,19,000,75045,00000,00000,0,A,Iowa,640,632,627,620,Village,371,Other
State Center,1397,162,19,000,75135,00000,00000,0,A,Iowa,1396,1391,1385,1392,Village,213,Other
Steamboat Rock,265,162,19,000,75180,00000,00000,0,A,Iowa,266,265,263,261,Village,520,Other
Stockport,276,162,19,000,75405,00000,00000,0,A,Iowa,275,277,277,275,Village,510,Other
Stockton,177,162,19,000,75450,00000,00000,0,A,Iowa,178,176,173,172,Village,584,Other
Storm Lake,11257,162,19,000,75630,00000,00000,0,A,Iowa,11263,11270,11368,11434,Town,36,Other
Story City,3343,162,19,000,75675,00000,00000,0,A,Iowa,3345,3377,3370,3388,Village,115,Other
Stout,190,162,19,000,75720,00000,00000,0,A,Iowa,190,192,192,192,Village,574,Other
Stratford,700,162,19,000,75810,00000,00000,0,A,Iowa,701,694,687,682,Village,359,Other
Strawberry Point,1157,162,19,000,75855,00000,00000,0,A,Iowa,1158,1154,1153,1147,Village,242,Other
Struble,68,162,19,000,75945,00000,00000,0,A,Iowa,68,68,68,67,Village,671,Other
Stuart,1795,162,19,000,75990,00000,00000,0,A,Iowa,1785,1809,1844,1855,Village,177,Other
Sully,880,162,19,000,76035,00000,00000,0,A,Iowa,881,884,886,885,Village,299,Other
Sumner,2027,162,19,000,76260,00000,00000,0,A,Iowa,2029,2032,2033,2031,Village,161,Other
Superior,133,162,19,000,76440,00000,00000,0,A,Iowa,133,132,130,127,Village,616,Other
Sutherland,630,162,19,000,76485,00000,00000,0,A,Iowa,632,622,620,625,Village,375,Other
Swaledale,143,162,19,000,76620,00000,00000,0,A,Iowa,143,141,139,139,Village,609,Other
Swan,76,162,19,000,76665,00000,00000,0,A,Iowa,76,75,77,77,Village,664,Other
Swea City,565,162,19,000,76755,00000,00000,0,A,Iowa,566,552,550,547,Village,392,Other
Swisher,916,162,19,000,76890,00000,00000,0,A,Iowa,918,918,915,904,Village,289,Other
Tabor,1009,162,19,000,76935,00000,00000,0,A,Iowa,1015,1008,988,984,Village,266,Other
Tama,3115,162,19,000,77115,00000,00000,0,A,Iowa,3126,3074,3073,3046,Village,119,Other
Templeton,349,162,19,000,77340,00000,00000,0,A,Iowa,350,349,344,341,Village,477,Other
Tennant,79,162,19,000,77430,00000,00000,0,A,Iowa,79,81,80,83,Village,661,Other
Terril,334,162,19,000,77520,00000,00000,0,A,Iowa,334,332,325,316,Village,486,Other
Thayer,49,162,19,000,77565,00000,00000,0,A,Iowa,49,49,48,48,Village,684,Other
Thompson,498,162,19,000,77745,00000,00000,0,A,Iowa,499,497,495,489,Village,412,Other
Thor,179,162,19,000,77790,00000,00000,0,A,Iowa,179,179,178,177,Village,582,Other
Thornburg,47,162,19,000,77835,00000,00000,0,A,Iowa,47,46,46,47,Village,685,Other
Thornton,404,162,19,000,77880,00000,00000,0,A,Iowa,405,398,395,393,Village,446,Other
Thurman,164,162,19,000,77970,00000,00000,0,A,Iowa,165,164,163,163,Village,591,Other
Tiffin,4620,162,19,000,78060,00000,00000,0,A,Iowa,4515,5236,5791,6325,Village,91,Other
Tingley,135,162,19,000,78195,00000,00000,0,A,Iowa,136,137,137,135,Village,615,Other
Tipton,3149,162,19,000,78285,00000,00000,0,A,Iowa,3152,3126,3089,3054,Village,118,Other
Titonka,505,162,19,000,78330,00000,00000,0,A,Iowa,506,494,491,487,Village,409,Other
Toledo,2368,162,19,000,78510,00000,00000,0,A,Iowa,2375,2343,2399,2383,Village,145,Other
Toronto,102,162,19,000,78600,00000,00000,0,A,Iowa,102,102,101,101,Village,641,Other
Traer,1576,162,19,000,78735,00000,00000,0,A,Iowa,1580,1553,1552,1549,Village,194,Other
Treynor,1033,162,19,000,78825,00000,00000,0,A,Iowa,1034,1064,1087,1095,Village,263,Other
Tripoli,1192,162,19,000,78915,00000,00000,0,A,Iowa,1191,1198,1203,1202,Village,236,Other
Truesdale,66,162,19,000,79095,00000,00000,0,A,Iowa,66,66,64,63,Village,673,Other
Truro,512,162,19,000,79140,00000,00000,0,A,Iowa,508,520,527,522,Village,404,Other
Turin,72,162,19,000,79185,00000,00000,0,A,Iowa,72,71,70,70,Village,668,Other
Udell,31,162,19,000,79410,00000,00000,0,A,Iowa,31,31,30,30,Village,698,Other
Underwood,955,162,19,000,79500,00000,00000,0,A,Iowa,953,956,958,959,Village,278,Other
Union,393,162,19,000,79545,00000,00000,0,A,Iowa,394,390,385,381,Village,451,Other
Unionville,75,162,19,000,79680,00000,00000,0,A,Iowa,75,75,74,74,Village,665,Other
University Heights,1223,162,19,000,79770,00000,00000,0,A,Iowa,1226,1221,1207,1187,Village,231,Other
University Park,486,162,19,000,79815,00000,00000,0,A,Iowa,487,478,478,475,Village,415,Other
Urbana,1563,162,19,000,79905,00000,00000,0,A,Iowa,1560,1587,1618,1627,Village,196,Other
Urbandale,45579,162,19,000,79950,00000,00000,0,A,Iowa,45582,46004,46661,46729,Small City,12,Other
Ute,342,162,19,000,79995,00000,00000,0,A,Iowa,342,334,330,330,Village,482,Other
Vail,390,162,19,000,80130,00000,00000,0,A,Iowa,391,382,380,376,Village,453,Other
Valeria,37,162,19,000,80175,00000,00000,0,A,Iowa,37,37,38,39,Village,694,Other
Van Horne,771,162,19,000,80400,00000,00000,0,A,Iowa,772,774,772,769,Village,326,Other
Van Meter,1492,162,19,000,80445,00000,00000,0,A,Iowa,1484,1537,1556,1725,Village,206,Other
Van Wert,177,162,19,000,80490,00000,00000,0,A,Iowa,178,179,180,179,Village,584,Other
Varina,68,162,19,000,80535,00000,00000,0,A,Iowa,68,68,68,67,Village,671,Other
Ventura,712,162,19,000,80580,00000,00000,0,A,Iowa,714,704,700,697,Village,354,Other
Victor,873,162,19,000,80805,00000,00000,0,A,Iowa,874,865,858,852,Village,301,Other
Villisca,1129,162,19,000,80985,00000,00000,0,A,Iowa,1128,1125,1118,1113,Village,245,Other
Vincent,129,162,19,000,81075,00000,00000,0,A,Iowa,129,129,127,124,Village,619,Other
Vining,53,162,19,000,81120,00000,00000,0,A,Iowa,53,52,52,52,Village,682,Other
Vinton,4925,162,19,000,81210,00000,00000,0,A,Iowa,4936,4954,4946,4951,Village,86,Other
Volga,203,162,19,000,81345,00000,00000,0,A,Iowa,203,203,202,201,Village,563,Other
Wadena,207,162,19,000,81570,00000,00000,0,A,Iowa,208,205,205,204,Village,560,Other
Wahpeton,347,162,19,000,81615,00000,00000,0,A,Iowa,345,348,346,341,Village,479,Other
Walcott,1556,162,19,000,81705,00000,00000,0,A,Iowa,1557,1550,1548,1549,Village,197,Other
Walford,1364,162,19,000,81840,00000,00000,0,A,Iowa,1367,1368,1358,1355,Village,216,Other
Walker,684,162,19,000,81885,00000,00000,0,A,Iowa,685,678,671,668,Village,363,Other
Wallingford,163,162,19,000,81975,00000,00000,0,A,Iowa,164,163,156,156,Village,592,Other
Wall Lake,751,162,19,000,82020,00000,00000,0,A,Iowa,753,750,748,748,Village,336,Other
Walnut,741,162,19,000,82065,00000,00000,0,A,Iowa,741,734,729,725,Village,341,Other
Wapello,2083,162,19,000,82200,00000,00000,0,A,Iowa,2085,2062,2034,2013,Village,154,Other
Washington,7346,162,19,000,82335,00000,00000,0,A,Iowa,7361,7299,7273,7252,Small Town,57,Other
Washta,208,162,19,000,82380,00000,00000,0,A,Iowa,208,206,205,205,Village,559,Other
Waterloo,67275,162,19,000,82425,00000,00000,0,A,Iowa,67319,66897,66525,66606,Medium City,8,Other
Waterville,109,162,19,000,82470,00000,00000,0,A,Iowa,109,109,109,111,Village,635,Other
Waucoma,229,162,19,000,82650,00000,00000,0,A,Iowa,230,227,228,227,Village,547,Other
Waukee,24380,162,19,000,82695,00000,00000,0,A,Iowa,23961,26501,29181,31645,Town,21,Other
Waukon,3825,162,19,000,82740,00000,00000,0,A,Iowa,3826,3781,3769,3777,Village,106,Other
Waverly,10411,162,19,000,82875,00000,00000,0,A,Iowa,10395,10442,10520,10561,Town,39,Other
Wayland,960,162,19,000,82965,00000,00000,0,A,Iowa,962,961,950,947,Village,276,Other
Webb,140,162,19,000,83010,00000,00000,0,A,Iowa,141,141,139,139,Village,612,Other
Webster,96,162,19,000,83055,00000,00000,0,A,Iowa,96,95,95,95,Village,646,Other
Webster City,7815,162,19,000,83145,00000,00000,0,A,Iowa,7828,7745,7747,7713,Small Town,50,Other
Weldon,136,162,19,000,83190,00000,00000,0,A,Iowa,137,138,138,138,Village,614,Other
Wellman,1523,162,19,000,83280,00000,00000,0,A,Iowa,1524,1523,1519,1516,Village,201,Other
Wellsburg,722,162,19,000,83325,00000,00000,0,A,Iowa,722,720,718,716,Village,350,Other
Welton,128,162,19,000,83370,00000,00000,0,A,Iowa,128,128,127,127,Village,620,Other
Wesley,392,162,19,000,83415,00000,00000,0,A,Iowa,393,385,381,380,Village,452,Other
West Bend,791,162,19,000,83550,00000,00000,0,A,Iowa,792,788,776,775,Village,320,Other
West Branch,2510,162,19,000,83595,00000,00000,0,A,Iowa,2506,2552,2645,2754,Village,137,Other
West Burlington,3197,162,19,000,83685,00000,00000,0,A,Iowa,3200,3183,3164,3161,Village,117,Other
West Chester,145,162,19,000,83775,00000,00000,0,A,Iowa,145,146,145,147,Village,607,Other
West Des Moines,68919,162,19,000,83910,00000,00000,0,A,Iowa,68728,69917,70757,72205,Medium City,6,Other
Westfield,121,162,19,000,84090,00000,00000,0,A,Iowa,121,120,120,120,Village,625,Other
Westgate,191,162,19,000,84180,00000,00000,0,A,Iowa,192,190,191,190,Village,573,Other
West Liberty,3851,162,19,000,84315,00000,00000,0,A,Iowa,3860,3817,3744,3728,Village,105,Other
West Okoboji,307,162,19,000,84450,00000,00000,0,A,Iowa,304,311,311,308,Village,495,Other
Westphalia,131,162,19,000,84540,00000,00000,0,A,Iowa,132,132,133,134,Village,617,Other
West Point,924,162,19,000,84585,00000,00000,0,A,Iowa,924,916,914,909,Village,286,Other
Westside,287,162,19,000,84630,00000,00000,0,A,Iowa,288,283,279,277,Village,506,Other
West Union,2476,162,19,000,84765,00000,00000,0,A,Iowa,2484,2456,2442,2432,Village,140,Other
Westwood,104,162,19,000,84835,00000,00000,0,A,Iowa,104,103,102,100,Village,639,Other
What Cheer,605,162,19,000,84900,00000,00000,0,A,Iowa,606,597,597,597,Village,381,Other
Wheatland,774,162,19,000,84945,00000,00000,0,A,Iowa,775,772,771,763,Village,325,Other
Whiting,744,162,19,000,85215,00000,00000,0,A,Iowa,745,734,726,727,Village,340,Other
Whittemore,496,162,19,000,85260,00000,00000,0,A,Iowa,497,484,483,479,Village,414,Other
Whitten,101,162,19,000,85305,00000,00000,0,A,Iowa,101,100,99,98,Village,642,Other
Willey,72,162,19,000,85710,00000,00000,0,A,Iowa,72,72,71,71,Village,668,Other
Williams,306,162,19,000,85800,00000,00000,0,A,Iowa,307,303,299,298,Village,496,Other
Williamsburg,3355,162,19,000,85845,00000,00000,0,A,Iowa,3351,3365,3364,3351,Village,114,Other
Williamson,118,162,19,000,85935,00000,00000,0,A,Iowa,118,121,123,125,Village,626,Other
Wilton,2919,162,19,000,86070,00000,00000,0,A,Iowa,2925,2893,2938,2930,Village,122,Other
Windsor Heights,5239,162,19,000,86250,00000,00000,0,A,Iowa,5256,5186,5113,5067,Small Town,80,Other
Winfield,1029,162,19,000,86385,00000,00000,0,A,Iowa,1031,1023,1020,1014,Village,264,Other
Winterset,5379,162,19,000,86520,00000,00000,0,A,Iowa,5355,5403,5452,5374,Small Town,78,Other
Winthrop,823,162,19,000,86565,00000,00000,0,A,Iowa,822,821,820,818,Village,314,Other
Wiota,91,162,19,000,86610,00000,00000,0,A,Iowa,91,91,91,91,Village,650,Other
Woden,185,162,19,000,86700,00000,00000,0,A,Iowa,186,184,183,181,Village,577,Other
Woodbine,1627,162,19,000,86835,00000,00000,0,A,Iowa,1630,1631,1635,1718,Village,189,Other
Woodburn,150,162,19,000,86880,00000,00000,0,A,Iowa,151,149,143,141,Village,602,Other
Woodward,1350,162,19,000,86970,00000,00000,0,A,Iowa,1348,1361,1368,1363,Village,218,Other
Woolstock,142,162,19,000,87015,00000,00000,0,A,Iowa,142,140,139,140,Village,610,Other
Worthington,378,162,19,000,87060,00000,00000,0,A,Iowa,378,380,372,372,Village,461,Other
Wyoming,524,162,19,000,87240,00000,00000,0,A,Iowa,524,530,530,527,Village,402,Other
Yale,267,162,19,000,87285,00000,00000,0,A,Iowa,267,265,266,264,Village,518,Other
Yetter,19,162,19,000,87375,00000,00000,0,A,Iowa,19,19,18,19,Village,708,Other
Yorktown,63,162,19,000,87420,00000,00000,0,A,Iowa,63,63,63,62,Village,675,Other
Zearing,535,162,19,000,87555,00000,00000,0,A,Iowa,536,536,531,503,Village,397,Other
Zwingle,86,162,19,000,87690,00000,00000,0,A,Iowa,86,85,86,86,Village,655,Other
